order_item_id,order_id,product_id,quantity,unit_price,quantity_outlier_candidate,line_total
1,1,39,2,172000,False,344000
2,2,26,4,79000,False,316000
3,2,46,3,87000,False,261000
4,2,80,1,187000,False,187000
5,2,91,5,125000,False,625000
6,3,61,3,28000,False,84000
7,3,62,3,82000,False,246000
8,3,52,1,88000,False,88000
9,4,11,2,58000,False,116000
10,5,65,5,193000,False,965000
11,6,97,5,187000,False,935000
12,6,41,3,119000,False,357000
13,6,43,5,158000,False,790000
14,7,46,3,87000,False,261000
15,7,4,4,33000,False,132000
16,8,89,5,178000,False,890000
17,8,76,3,56000,False,168000
18,8,65,4,193000,False,772000
19,8,79,1,153000,False,153000
20,9,70,3,168000,False,504000
21,9,36,5,193000,False,965000
23,9,42,5,71000,False,355000
24,10,76,3,56000,False,168000
25,11,65,5,193000,False,965000
26,12,49,5,171000,False,855000
27,12,75,2,183000,False,366000
28,12,72,1,195000,False,195000
29,13,22,2,181000,False,362000
30,13,68,3,149000,False,447000
31,14,65,3,193000,False,579000
33,15,63,5,141000,False,705000
34,16,5,4,73000,False,292000
35,16,70,3,168000,False,504000
36,16,96,3,96000,False,288000
37,16,28,5,147000,False,735000
38,17,40,3,182000,False,546000
39,17,86,1,145000,False,145000
40,18,23,2,197000,False,394000
41,19,21,2,11000,False,22000
42,20,77,5,111000,False,555000
43,20,25,3,52000,False,156000
44,20,55,2,52000,False,104000
45,21,33,2,44000,False,88000
46,22,38,2,25000,False,50000
47,23,70,4,168000,False,672000
48,23,84,1,42000,False,42000
49,24,3,1,48000,False,48000
50,24,10,1,169000,False,169000
51,25,59,3,5000,False,15000
52,25,45,2,97000,False,194000
53,25,70,2,168000,False,336000
54,25,4,3,33000,False,99000
55,26,74,2,129000,False,258000
56,26,65,2,193000,False,386000
57,26,66,2,41000,False,82000
58,27,38,4,25000,False,100000
59,27,72,1,195000,False,195000
60,28,53,1,105000,False,105000
61,29,29,3,31000,False,93000
62,29,96,2,96000,False,192000
63,29,20,4,79000,False,316000
64,30,17,2,76000,False,152000
65,30,81,1,79000,False,79000
66,31,35,2,53000,False,106000
67,32,97,4,187000,False,748000
68,32,64,5,149000,False,745000
69,33,82,2,170000,False,340000
70,33,4,2,33000,False,66000
71,33,72,1,195000,False,195000
72,34,28,4,147000,False,588000
73,35,53,1,105000,False,105000
74,35,70,4,168000,False,672000
75,36,14,5,17000,False,85000
76,36,69,1,11000,False,11000
78,36,50,5,103000,False,515000
79,37,26,1,79000,False,79000
80,37,1,3,61000,False,183000
81,37,61,5,28000,False,140000
82,38,1,4,61000,False,244000
83,39,67,1,145000,False,145000
84,39,68,3,149000,False,447000
85,40,53,2,105000,False,210000
86,40,25,1,52000,False,52000
87,40,10,4,169000,False,676000
88,40,4,5,33000,False,165000
89,41,92,4,74000,False,296000
91,42,65,2,193000,False,386000
92,42,96,1,96000,False,96000
93,43,40,1,182000,False,182000
94,43,66,3,41000,False,123000
95,43,54,4,152000,False,608000
96,43,99,1,187000,False,187000
97,44,7,3,161000,False,483000
98,44,91,5,125000,False,625000
100,45,76,3,56000,False,168000
101,46,52,3,88000,False,264000
102,46,32,5,140000,False,700000
103,46,19,4,127000,False,508000
104,47,14,2,17000,False,34000
105,47,39,5,172000,False,860000
107,48,83,4,74000,False,296000
108,48,8,1,18000,False,18000
109,49,36,1,193000,False,193000
110,49,31,1,155000,False,155000
111,50,86,5,145000,False,725000
112,50,20,5,79000,False,395000
113,50,56,3,124000,False,372000
114,50,30,4,149000,False,596000
115,51,94,4,85000,False,340000
116,51,85,4,38000,False,152000
117,51,65,5,193000,False,965000
118,52,44,3,29000,False,87000
119,53,24,5,42000,False,210000
120,54,45,2,97000,False,194000
121,54,8,2,18000,False,36000
122,54,19,5,127000,False,635000
123,55,61,4,28000,False,112000
124,55,65,3,193000,False,579000
125,55,32,1,140000,False,140000
126,56,53,2,105000,False,210000
127,56,30,1,149000,False,149000
128,56,72,4,195000,False,780000
129,56,20,5,79000,False,395000
131,57,39,3,172000,False,516000
132,57,60,5,26000,False,130000
133,58,78,1,54000,False,54000
134,58,69,1,11000,False,11000
135,58,82,3,170000,False,510000
136,58,52,2,88000,False,176000
137,59,41,2,119000,False,238000
138,60,97,4,187000,False,748000
139,60,53,4,105000,False,420000
140,61,34,2,110000,False,220000
141,61,12,4,91000,False,364000
142,61,84,1,42000,False,42000
143,62,22,1,181000,False,181000
144,62,78,2,54000,False,108000
145,62,78,3,54000,False,162000
146,62,42,1,71000,False,71000
147,63,87,5,93000,False,465000
148,63,2,4,154000,False,616000
149,64,26,1,79000,False,79000
151,65,17,3,76000,False,228000
152,65,92,1,74000,False,74000
153,65,58,5,55000,False,275000
154,66,79,4,153000,False,612000
155,66,44,2,29000,False,58000
156,67,4,4,33000,False,132000
157,67,83,2,74000,False,148000
158,67,61,3,28000,False,84000
159,67,12,2,91000,False,182000
160,68,75,2,183000,False,366000
161,69,1,2,61000,False,122000
162,69,17,2,76000,False,152000
163,70,88,4,176000,False,704000
164,71,53,2,105000,False,210000
165,71,21,4,11000,False,44000
166,71,82,4,170000,False,680000
167,72,92,3,74000,False,222000
168,72,74,5,129000,False,645000
169,73,27,3,21000,False,63000
170,73,52,4,88000,False,352000
171,73,91,1,125000,False,125000
172,73,55,4,52000,False,208000
173,74,27,3,21000,False,63000
174,74,49,3,171000,False,513000
175,74,2,3,154000,False,462000
176,75,44,4,29000,False,116000
177,75,44,3,29000,False,87000
178,75,85,3,38000,False,114000
179,75,13,2,18000,False,36000
180,76,49,4,171000,False,684000
181,76,75,5,183000,False,915000
182,76,9,3,75000,False,225000
183,76,41,4,119000,False,476000
184,77,75,2,183000,False,366000
185,77,35,1,53000,False,53000
186,77,58,1,55000,False,55000
187,78,27,1,21000,False,21000
188,79,14,5,17000,False,85000
189,79,67,4,145000,False,580000
190,79,14,5,17000,False,85000
191,79,7,3,161000,False,483000
192,80,60,4,26000,False,104000
193,80,74,1,129000,False,129000
194,80,22,1,181000,False,181000
195,80,41,5,119000,False,595000
196,81,44,1,29000,False,29000
197,81,64,1,149000,False,149000
198,81,21,4,11000,False,44000
199,81,15,3,75000,False,225000
200,82,76,2,56000,False,112000
201,82,29,4,31000,False,124000
202,82,41,3,119000,False,357000
203,82,94,3,85000,False,255000
204,83,84,1,42000,False,42000
205,84,41,5,119000,False,595000
206,84,92,5,74000,False,370000
207,84,80,4,187000,False,748000
208,85,58,2,55000,False,110000
209,85,32,4,140000,False,560000
210,85,97,3,187000,False,561000
211,85,87,2,93000,False,186000
212,86,19,3,127000,False,381000
213,86,83,2,74000,False,148000
215,87,40,4,182000,False,728000
216,87,78,4,54000,False,216000
217,87,2,3,154000,False,462000
218,88,59,2,5000,False,10000
219,89,93,2,121000,False,242000
220,89,98,4,32000,False,128000
221,89,5,4,73000,False,292000
222,90,30,4,149000,False,596000
223,90,72,4,195000,False,780000
224,90,78,1,54000,False,54000
225,91,63,3,141000,False,423000
226,91,30,1,149000,False,149000
227,91,97,1,187000,False,187000
228,91,42,5,71000,False,355000
229,92,13,4,18000,False,72000
230,92,87,4,93000,False,372000
231,93,74,5,129000,False,645000
232,93,65,4,193000,False,772000
233,94,12,2,91000,False,182000
234,94,82,5,170000,False,850000
235,94,58,3,55000,False,165000
236,95,89,4,178000,False,712000
237,96,85,3,38000,False,114000
238,96,35,1,53000,False,53000
239,97,78,2,54000,False,108000
240,97,77,1,111000,False,111000
241,97,64,5,149000,False,745000
243,98,75,5,183000,False,915000
244,99,65,3,193000,False,579000
245,100,100,5,34000,False,170000
246,100,74,4,129000,False,516000
247,100,50,1,103000,False,103000
248,100,13,3,18000,False,54000
249,101,15,3,75000,False,225000
250,101,41,2,119000,False,238000
251,101,54,4,152000,False,608000
252,102,25,3,52000,False,156000
253,103,20,4,79000,False,316000
254,103,80,3,187000,False,561000
255,103,60,5,26000,False,130000
256,104,58,2,55000,False,110000
257,104,63,5,141000,False,705000
258,105,66,5,41000,False,205000
259,105,83,2,74000,False,148000
261,105,4,3,33000,False,99000
262,106,58,3,55000,False,165000
263,107,72,1,195000,False,195000
264,107,9,5,75000,False,375000
265,107,83,3,74000,False,222000
266,107,86,2,145000,False,290000
267,108,47,2,188000,False,376000
268,108,67,5,145000,False,725000
269,108,43,5,158000,False,790000
270,109,97,2,187000,False,374000
271,109,61,2,28000,False,56000
272,109,94,4,85000,False,340000
273,110,57,2,96000,False,192000
274,110,64,3,149000,False,447000
275,110,51,1,183000,False,183000
276,110,50,4,103000,False,412000
278,111,13,1,18000,False,18000
279,111,75,1,183000,False,183000
280,112,57,4,96000,False,384000
281,112,6,3,134000,False,402000
282,112,5,3,73000,False,219000
283,113,97,2,187000,False,374000
284,113,31,4,155000,False,620000
285,114,30,1,149000,False,149000
286,114,39,1,172000,False,172000
287,115,62,4,82000,False,328000
288,116,54,4,152000,False,608000
289,117,45,5,97000,False,485000
290,117,28,3,147000,False,441000
291,117,47,5,188000,False,940000
292,118,16,2,21000,False,42000
293,118,42,1,71000,False,71000
294,119,36,5,193000,False,965000
295,119,59,5,5000,False,25000
296,119,72,4,195000,False,780000
297,119,9,2,75000,False,150000
298,120,86,5,145000,False,725000
299,120,78,4,54000,False,216000
300,121,92,4,74000,False,296000
301,121,93,1,121000,False,121000
302,121,82,4,170000,False,680000
303,122,98,4,32000,False,128000
304,123,46,5,87000,False,435000
305,123,84,1,42000,False,42000
306,123,81,4,79000,False,316000
307,124,12,4,91000,False,364000
308,125,9,1,75000,False,75000
309,125,28,2,147000,False,294000
310,125,67,4,145000,False,580000
311,125,75,4,183000,False,732000
313,127,11,5,58000,False,290000
314,127,56,4,124000,False,496000
315,128,19,3,127000,False,381000
316,128,92,4,74000,False,296000
317,128,75,3,183000,False,549000
318,129,65,4,193000,False,772000
320,129,23,5,197000,False,985000
321,129,14,2,17000,False,34000
322,130,98,1,32000,False,32000
324,131,15,5,75000,False,375000
325,131,74,3,129000,False,387000
326,131,38,4,25000,False,100000
327,131,54,2,152000,False,304000
328,132,20,3,79000,False,237000
329,132,74,3,129000,False,387000
330,133,49,4,171000,False,684000
331,133,6,2,134000,False,268000
332,133,78,2,54000,False,108000
333,133,26,3,79000,False,237000
334,134,96,1,96000,False,96000
335,134,75,4,183000,False,732000
336,134,87,3,93000,False,279000
337,134,32,1,140000,False,140000
338,135,88,4,176000,False,704000
339,136,86,3,145000,False,435000
340,136,20,5,79000,False,395000
341,137,42,4,71000,False,284000
342,137,72,3,195000,False,585000
343,138,88,2,176000,False,352000
344,138,45,5,97000,False,485000
345,138,79,4,153000,False,612000
346,138,75,1,183000,False,183000
347,139,99,1,187000,False,187000
348,139,22,4,181000,False,724000
349,139,2,3,154000,False,462000
350,139,16,3,21000,False,63000
351,140,87,3,93000,False,279000
352,140,49,2,171000,False,342000
353,140,49,2,171000,False,342000
354,141,50,5,103000,False,515000
355,141,25,1,52000,False,52000
356,142,100,3,34000,False,102000
357,142,2,1,154000,False,154000
358,142,63,3,141000,False,423000
359,142,49,5,171000,False,855000
360,143,16,3,21000,False,63000
361,143,22,2,181000,False,362000
362,143,25,5,52000,False,260000
363,144,19,3,127000,False,381000
364,145,40,5,182000,False,910000
365,145,46,2,87000,False,174000
366,146,7,3,161000,False,483000
367,146,81,3,79000,False,237000
368,146,34,2,110000,False,220000
369,147,77,4,111000,False,444000
370,147,60,1,26000,False,26000
371,148,37,4,92000,False,368000
372,148,46,4,87000,False,348000
373,149,85,1,38000,False,38000
374,150,45,5,97000,False,485000
375,150,69,3,11000,False,33000
376,151,71,3,188000,False,564000
377,151,99,5,187000,False,935000
378,152,59,3,5000,False,15000
379,152,58,5,55000,False,275000
380,152,76,5,56000,False,280000
381,153,22,4,181000,False,724000
382,153,87,3,93000,False,279000
383,154,96,2,96000,False,192000
384,154,54,3,152000,False,456000
385,154,29,5,31000,False,155000
386,154,74,1,129000,False,129000
387,155,9,2,75000,False,150000
388,155,75,5,183000,False,915000
389,155,67,3,145000,False,435000
390,155,5,3,73000,False,219000
391,156,93,2,121000,False,242000
392,156,60,2,26000,False,52000
393,156,53,2,105000,False,210000
394,156,43,2,158000,False,316000
395,157,59,3,5000,False,15000
396,157,51,2,183000,False,366000
397,157,71,2,188000,False,376000
398,158,44,2,29000,False,58000
399,159,10,4,169000,False,676000
400,160,3,2,48000,False,96000
401,160,85,5,38000,False,190000
402,160,77,2,111000,False,222000
403,161,75,1,183000,False,183000
404,161,90,5,85000,False,425000
405,162,1,2,61000,False,122000
406,162,96,3,96000,False,288000
407,162,54,2,152000,False,304000
408,162,31,5,155000,False,775000
409,163,13,1,18000,False,18000
410,164,13,5,18000,False,90000
411,164,51,3,183000,False,549000
413,164,46,3,87000,False,261000
414,165,93,1,121000,False,121000
415,165,90,1,85000,False,85000
416,165,46,4,87000,False,348000
417,165,62,2,82000,False,164000
418,166,5,3,73000,False,219000
419,166,77,3,111000,False,333000
420,166,24,2,42000,False,84000
421,167,97,1,187000,False,187000
422,168,6,1,134000,False,134000
423,168,30,1,149000,False,149000
424,168,87,5,93000,False,465000
425,169,75,1,183000,False,183000
426,169,67,1,145000,False,145000
427,169,5,2,73000,False,146000
428,170,13,5,18000,False,90000
429,170,17,4,76000,False,304000
430,170,29,3,31000,False,93000
431,171,19,1,127000,False,127000
432,171,37,1,92000,False,92000
434,171,70,4,168000,False,672000
435,172,98,2,32000,False,64000
436,172,88,3,176000,False,528000
437,172,53,2,105000,False,210000
438,172,38,5,25000,False,125000
439,173,43,2,158000,False,316000
440,173,71,1,188000,False,188000
441,173,43,2,158000,False,316000
442,173,10,4,169000,False,676000
443,174,64,3,149000,False,447000
444,174,29,3,31000,False,93000
445,174,85,4,38000,False,152000
446,174,21,4,11000,False,44000
448,176,14,4,17000,False,68000
449,176,74,4,129000,False,516000
450,177,57,4,96000,False,384000
451,178,75,1,183000,False,183000
452,178,83,2,74000,False,148000
453,179,58,2,55000,False,110000
455,179,55,2,52000,False,104000
456,179,2,3,154000,False,462000
457,180,1,3,61000,False,183000
458,181,82,1,170000,False,170000
459,181,54,4,152000,False,608000
460,182,94,1,85000,False,85000
461,182,82,1,170000,False,170000
462,182,21,4,11000,False,44000
463,183,43,1,158000,False,158000
464,183,1,3,61000,False,183000
465,183,5,3,73000,False,219000
466,184,37,4,92000,False,368000
467,184,49,4,171000,False,684000
468,185,7,3,161000,False,483000
469,186,100,1,34000,False,34000
470,186,96,3,96000,False,288000
471,187,34,5,110000,False,550000
472,187,71,1,188000,False,188000
473,187,99,3,187000,False,561000
474,188,29,5,31000,False,155000
475,188,93,2,121000,False,242000
476,188,14,3,17000,False,51000
477,189,74,2,129000,False,258000
478,190,90,2,85000,False,170000
479,191,50,3,103000,False,309000
480,191,11,2,58000,False,116000
481,191,9,2,75000,False,150000
483,192,90,1,85000,False,85000
484,192,24,3,42000,False,126000
485,192,56,2,124000,False,248000
486,193,98,2,32000,False,64000
487,193,76,2,56000,False,112000
488,194,98,2,32000,False,64000
489,194,19,5,127000,False,635000
490,194,37,4,92000,False,368000
491,194,100,2,34000,False,68000
492,195,99,5,187000,False,935000
493,195,1,3,61000,False,183000
494,196,59,4,5000,False,20000
495,196,84,1,42000,False,42000
497,197,83,1,74000,False,74000
498,197,64,4,149000,False,596000
499,197,52,2,88000,False,176000
500,197,45,5,97000,False,485000
501,198,51,1,183000,False,183000
502,199,81,2,79000,False,158000
503,199,91,4,125000,False,500000
505,199,68,3,149000,False,447000
506,200,26,5,79000,False,395000
507,200,7,5,161000,False,805000
508,200,4,2,33000,False,66000
509,200,56,3,124000,False,372000
510,201,32,5,140000,False,700000
512,201,13,4,18000,False,72000
513,201,96,2,96000,False,192000
514,202,37,2,92000,False,184000
515,203,44,5,29000,False,145000
516,203,46,5,87000,False,435000
517,204,54,3,152000,False,456000
518,204,42,2,71000,False,142000
519,204,31,5,155000,False,775000
520,205,86,3,145000,False,435000
521,205,25,1,52000,False,52000
522,205,100,2,34000,False,68000
523,205,21,3,11000,False,33000
524,206,11,1,58000,False,58000
525,207,43,2,158000,False,316000
526,207,12,5,91000,False,455000
527,207,58,3,55000,False,165000
528,208,66,2,41000,False,82000
529,209,22,3,181000,False,543000
530,210,7,1,161000,False,161000
531,210,56,1,124000,False,124000
532,210,94,4,85000,False,340000
533,211,34,2,110000,False,220000
534,211,26,3,79000,False,237000
535,211,77,2,111000,False,222000
536,211,52,2,88000,False,176000
537,212,93,2,121000,False,242000
538,212,3,4,48000,False,192000
539,212,63,2,141000,False,282000
540,213,15,3,75000,False,225000
541,213,25,4,52000,False,208000
542,214,47,1,188000,False,188000
543,214,91,4,125000,False,500000
544,214,83,3,74000,False,222000
545,214,84,3,42000,False,126000
546,215,84,1,42000,False,42000
548,215,38,5,25000,False,125000
549,216,2,2,154000,False,308000
550,217,36,1,193000,False,193000
551,217,67,1,145000,False,145000
552,218,76,2,56000,False,112000
553,218,44,4,29000,False,116000
554,218,88,1,176000,False,176000
556,219,62,3,82000,False,246000
557,220,29,1,31000,False,31000
558,221,15,4,75000,False,300000
559,221,89,3,178000,False,534000
560,221,43,5,158000,False,790000
561,222,42,2,71000,False,142000
562,222,53,3,105000,False,315000
563,222,99,2,187000,False,374000
564,222,98,1,32000,False,32000
565,223,81,2,79000,False,158000
566,224,45,5,97000,False,485000
567,225,11,5,58000,False,290000
568,225,70,5,168000,False,840000
569,225,97,4,187000,False,748000
570,226,85,5,38000,False,190000
571,226,40,1,182000,False,182000
573,227,69,2,11000,False,22000
574,228,54,5,152000,False,760000
576,228,15,5,75000,False,375000
577,228,69,1,11000,False,11000
578,229,98,4,32000,False,128000
580,229,45,5,97000,False,485000
581,229,56,5,124000,False,620000
582,230,14,5,17000,False,85000
583,230,65,3,193000,False,579000
584,231,52,1,88000,False,88000
585,231,59,1,5000,False,5000
587,231,44,3,29000,False,87000
588,232,68,4,149000,False,596000
589,232,39,4,172000,False,688000
590,233,23,2,197000,False,394000
591,233,22,5,181000,False,905000
592,233,35,1,53000,False,53000
593,234,75,5,183000,False,915000
594,234,27,5,21000,False,105000
595,234,17,5,76000,False,380000
596,235,96,4,96000,False,384000
597,235,68,1,149000,False,149000
598,235,61,5,28000,False,140000
599,235,56,5,124000,False,620000
600,236,37,3,92000,False,276000
601,236,43,1,158000,False,158000
602,236,35,3,53000,False,159000
603,236,23,4,197000,False,788000
604,237,40,4,182000,False,728000
605,238,51,5,183000,False,915000
606,239,100,2,34000,False,68000
607,240,43,2,158000,False,316000
608,240,76,3,56000,False,168000
609,241,19,1,127000,False,127000
610,241,9,2,75000,False,150000
611,241,88,1,176000,False,176000
613,242,46,5,87000,False,435000
614,242,82,4,170000,False,680000
615,242,80,2,187000,False,374000
616,243,42,2,71000,False,142000
617,243,32,3,140000,False,420000
618,244,76,5,56000,False,280000
619,244,43,2,158000,False,316000
621,245,42,1,71000,False,71000
622,245,90,2,85000,False,170000
623,245,84,5,42000,False,210000
624,246,84,5,42000,False,210000
625,247,94,2,85000,False,170000
626,248,92,4,74000,False,296000
627,248,19,5,127000,False,635000
628,248,34,3,110000,False,330000
630,249,17,3,76000,False,228000
631,249,15,4,75000,False,300000
632,250,52,3,88000,False,264000
633,250,87,3,93000,False,279000
634,251,98,5,32000,False,160000
635,252,52,4,88000,False,352000
636,252,68,2,149000,False,298000
637,253,22,2,181000,False,362000
638,253,36,4,193000,False,772000
639,253,23,4,197000,False,788000
640,254,14,2,17000,False,34000
641,254,55,4,52000,False,208000
642,254,51,5,183000,False,915000
643,255,34,2,110000,False,220000
644,255,11,4,58000,False,232000
645,255,7,2,161000,False,322000
646,255,93,1,121000,False,121000
647,256,16,1,21000,False,21000
648,256,49,2,171000,False,342000
649,256,40,3,182000,False,546000
650,257,79,5,153000,False,765000
652,257,75,3,183000,False,549000
653,258,69,1,11000,False,11000
654,258,22,2,181000,False,362000
656,258,39,1,172000,False,172000
657,259,58,1,55000,False,55000
658,259,20,4,79000,False,316000
659,259,30,4,149000,False,596000
660,259,100,1,34000,False,34000
661,260,60,2,26000,False,52000
662,260,51,1,183000,False,183000
663,261,29,5,31000,False,155000
664,262,11,2,58000,False,116000
665,262,75,3,183000,False,549000
666,263,66,1,41000,False,41000
668,264,94,4,85000,False,340000
669,265,87,2,93000,False,186000
670,265,34,3,110000,False,330000
671,265,17,1,76000,False,76000
672,266,65,2,193000,False,386000
673,266,83,1,74000,False,74000
674,266,87,5,93000,False,465000
675,266,32,5,140000,False,700000
676,267,64,1,149000,False,149000
677,267,83,5,74000,False,370000
678,267,39,5,172000,False,860000
679,268,97,4,187000,False,748000
680,268,45,3,97000,False,291000
681,268,100,5,34000,False,170000
682,269,15,5,75000,False,375000
683,269,82,5,170000,False,850000
684,269,90,5,85000,False,425000
685,270,16,4,21000,False,84000
686,271,9,4,75000,False,300000
687,271,76,3,56000,False,168000
688,272,21,5,11000,False,55000
689,272,94,5,85000,False,425000
690,273,74,1,129000,False,129000
691,273,89,3,178000,False,534000
692,273,6,4,134000,False,536000
693,274,57,5,96000,False,480000
694,275,9,4,75000,False,300000
695,275,37,4,92000,False,368000
696,276,94,4,85000,False,340000
697,277,10,1,169000,False,169000
698,277,86,5,145000,False,725000
699,277,84,5,42000,False,210000
700,277,31,5,155000,False,775000
705,279,37,2,92000,False,184000
706,279,46,2,87000,False,174000
707,279,8,1,18000,False,18000
708,280,19,4,127000,False,508000
709,280,51,5,183000,False,915000
710,280,51,3,183000,False,549000
711,280,42,1,71000,False,71000
712,281,9,4,75000,False,300000
713,281,86,3,145000,False,435000
714,281,59,5,5000,False,25000
715,281,21,4,11000,False,44000
716,282,9,3,75000,False,225000
717,283,26,1,79000,False,79000
718,283,60,4,26000,False,104000
719,283,15,4,75000,False,300000
720,284,76,3,56000,False,168000
721,285,20,4,79000,False,316000
722,285,9,1,75000,False,75000
723,285,36,4,193000,False,772000
724,286,83,3,74000,False,222000
725,286,15,4,75000,False,300000
726,286,5,2,73000,False,146000
727,287,99,1,187000,False,187000
728,287,58,5,55000,False,275000
729,287,88,5,176000,False,880000
730,287,87,4,93000,False,372000
731,288,8,2,18000,False,36000
732,288,34,4,110000,False,440000
733,288,29,1,31000,False,31000
734,288,61,1,28000,False,28000
735,289,93,4,121000,False,484000
736,290,97,1,187000,False,187000
737,290,56,4,124000,False,496000
738,290,96,50,96000,True,4800000
739,291,82,2,170000,False,340000
740,291,45,4,97000,False,388000
741,291,84,5,42000,False,210000
742,291,8,4,18000,False,72000
743,292,38,3,25000,False,75000
744,292,12,4,91000,False,364000
745,292,96,4,96000,False,384000
746,293,24,1,42000,False,42000
747,293,81,4,79000,False,316000
748,293,91,4,125000,False,500000
749,294,26,1,79000,False,79000
750,294,54,2,152000,False,304000
751,295,31,100,155000,True,15500000
752,296,30,2,149000,False,298000
753,296,54,1,152000,False,152000
754,296,13,5,18000,False,90000
755,297,81,2,79000,False,158000
756,297,92,3,74000,False,222000
757,298,12,4,91000,False,364000
758,299,14,5,17000,False,85000
759,299,54,4,152000,False,608000
760,299,30,1,149000,False,149000
761,299,50,4,103000,False,412000
762,300,88,1,176000,False,176000
763,300,42,3,71000,False,213000
