product_id,product_name,category,price,price_outlier_candidate
1,도서 상품 001,도서,61000,False
2,전자기기 상품 002,전자기기,154000,False
3,뷰티 상품 003,전자기기,48000,False
4,패션 상품 004,패션,33000,False
5,스포츠 상품 005,스포츠,73000,False
6,도서 상품 006,도서,134000,False
7,전자기기 상품 007,전자기기,161000,False
8,뷰티 상품 008,뷰티,18000,False
9,생활용품 상품 009,생활용품,75000,False
10,뷰티 상품 010,뷰티,169000,False
11,뷰티 상품 011,뷰티,58000,False
12,스포츠 상품 012,스포츠,91000,False
13,스포츠 상품 013,스포츠,18000,False
14,식품 상품 014,식품,17000,False
15,패션 상품 015,패션,75000,False
16,뷰티 상품 016,뷰티,21000,False
17,생활용품 상품 017,생활용품,76000,False
19,도서 상품 019,도서,127000,False
20,도서 상품 020,도서,79000,False
21,스포츠 상품 021,스포츠,11000,False
22,식품 상품 022,식품,181000,False
23,패션 상품 023,패션,197000,False
24,패션 상품 024,패션,42000,False
25,생활용품 상품 025,생활용품,52000,False
26,뷰티 상품 026,뷰티,79000,False
27,뷰티 상품 027,전자기기,21000,False
28,생활용품 상품 028,생활용품,147000,False
29,생활용품 상품 029,생활용품,31000,False
30,도서 상품 030,도서,149000,False
31,패션 상품 031,패션,155000,False
32,식품 상품 032,식품,140000,False
33,뷰티 상품 033,뷰티,44000,False
34,뷰티 상품 034,뷰티,110000,False
35,스포츠 상품 035,스포츠,53000,False
36,뷰티 상품 036,뷰티,193000,False
37,식품 상품 037,식품,92000,False
38,뷰티 상품 038,뷰티,25000,False
39,뷰티 상품 039,뷰티,172000,False
40,도서 상품 040,도서,182000,False
41,식품 상품 041,식품,119000,False
42,뷰티 상품 042,뷰티,71000,False
43,식품 상품 043,식품,158000,False
44,스포츠 상품 044,생활용품,29000,False
45,전자기기 상품 045,전자기기,97000,False
46,생활용품 상품 046,생활용품,87000,False
47,뷰티 상품 047,뷰티,188000,False
49,식품 상품 049,식품,171000,False
50,도서 상품 050,도서,103000,False
51,패션 상품 051,패션,183000,False
52,생활용품 상품 052,생활용품,88000,False
53,전자기기 상품 053,전자기기,105000,False
54,전자기기 상품 054,전자기기,152000,False
55,뷰티 상품 055,뷰티,52000,False
56,생활용품 상품 056,생활용품,124000,False
57,도서 상품 057,도서,96000,False
58,식품 상품 058,식품,55000,False
59,스포츠 상품 059,스포츠,5000,False
60,뷰티 상품 060,뷰티,26000,False
61,패션 상품 061,패션,28000,False
62,전자기기 상품 062,전자기기,82000,False
63,스포츠 상품 063,스포츠,141000,False
64,뷰티 상품 064,뷰티,149000,False
65,식품 상품 065,식품,193000,False
66,생활용품 상품 066,생활용품,41000,False
67,도서 상품 067,도서,145000,False
68,전자기기 상품 068,전자기기,149000,False
69,식품 상품 069,식품,11000,False
70,도서 상품 070,패션,168000,False
71,식품 상품 071,식품,188000,False
72,식품 상품 072,식품,195000,False
74,전자기기 상품 074,전자기기,129000,False
75,스포츠 상품 075,스포츠,183000,False
76,스포츠 상품 076,스포츠,56000,False
77,패션 상품 077,패션,111000,False
78,스포츠 상품 078,뷰티,54000,False
79,스포츠 상품 079,스포츠,153000,False
80,패션 상품 080,패션,187000,False
81,도서 상품 081,도서,79000,False
82,패션 상품 082,패션,170000,False
83,도서 상품 083,도서,74000,False
84,식품 상품 084,식품,42000,False
85,전자기기 상품 085,전자기기,38000,False
86,전자기기 상품 086,전자기기,145000,False
87,패션 상품 087,패션,93000,False
88,식품 상품 088,식품,176000,False
89,전자기기 상품 089,전자기기,178000,False
90,도서 상품 090,도서,85000,False
91,전자기기 상품 091,전자기기,125000,False
92,식품 상품 092,식품,74000,False
93,식품 상품 093,식품,121000,False
94,패션 상품 094,패션,85000,False
96,패션 상품 096,패션,96000,False
97,패션 상품 097,패션,187000,False
98,패션 상품 098,패션,32000,False
99,뷰티 상품 099,뷰티,9999999,True
100,도서 상품 100,도서,34000,False
