dataset,raw_row_number,stage,reasons
customers,152,duplicate,full_row_duplicate
customers,153,duplicate,full_row_duplicate
products,102,duplicate,full_row_duplicate
products,103,duplicate,full_row_duplicate
orders,302,duplicate,full_row_duplicate
orders,303,duplicate,full_row_duplicate
order_items,765,duplicate,full_row_duplicate
order_items,766,duplicate,full_row_duplicate
products,19,numeric_rule,price_conversion_failed
products,49,numeric_rule,nonpositive_price_candidate
products,74,numeric_rule,price_conversion_failed
products,96,numeric_rule,nonpositive_price_candidate
order_items,278,numeric_rule,unit_price_conversion_failed
order_items,320,numeric_rule,quantity_conversion_failed
order_items,434,numeric_rule,unit_price_conversion_failed
order_items,448,numeric_rule,quantity_conversion_failed
order_items,512,numeric_rule,nonpositive_quantity_candidate
order_items,580,numeric_rule,nonpositive_unit_price_candidate
order_items,613,numeric_rule,nonpositive_quantity_candidate
order_items,704,numeric_rule,nonpositive_quantity_candidate
orders,127,foreign_key,customer_fk_absent_in_raw_master
orders,279,foreign_key,customer_fk_absent_in_raw_master
order_items,23,foreign_key,product_fk_removed_by_cleaning
order_items,33,foreign_key,product_fk_removed_by_cleaning
order_items,78,foreign_key,product_fk_removed_by_cleaning
order_items,91,foreign_key,product_fk_removed_by_cleaning
order_items,100,foreign_key,product_fk_removed_by_cleaning
order_items,107,foreign_key,product_fk_removed_by_cleaning
order_items,131,foreign_key,product_fk_removed_by_cleaning
order_items,151,foreign_key,order_fk_absent_in_raw_master
order_items,215,foreign_key,product_fk_removed_by_cleaning
order_items,243,foreign_key,product_fk_removed_by_cleaning
order_items,261,foreign_key,product_fk_absent_in_raw_master
order_items,313,foreign_key,order_fk_removed_by_cleaning
order_items,324,foreign_key,product_fk_removed_by_cleaning
order_items,413,foreign_key,product_fk_removed_by_cleaning
order_items,455,foreign_key,product_fk_removed_by_cleaning
order_items,483,foreign_key,product_fk_removed_by_cleaning
order_items,497,foreign_key,product_fk_removed_by_cleaning
order_items,505,foreign_key,product_fk_removed_by_cleaning
order_items,548,foreign_key,product_fk_removed_by_cleaning
order_items,556,foreign_key,product_fk_removed_by_cleaning
order_items,573,foreign_key,product_fk_removed_by_cleaning
order_items,576,foreign_key,product_fk_removed_by_cleaning
order_items,587,foreign_key,product_fk_removed_by_cleaning
order_items,621,foreign_key,order_fk_absent_in_raw_master
order_items,630,foreign_key,product_fk_removed_by_cleaning
order_items,652,foreign_key,product_fk_removed_by_cleaning
order_items,656,foreign_key,product_fk_removed_by_cleaning
order_items,668,foreign_key,product_fk_removed_by_cleaning
order_items,702,foreign_key,order_fk_removed_by_cleaning | product_fk_absent_in_raw_master
order_items,703,foreign_key,order_fk_removed_by_cleaning
order_items,705,foreign_key,order_fk_removed_by_cleaning
