dataset,raw_row_number,column,action,before,after
customers,8,city,trim_or_blank_to_missing, 서울 ,서울
customers,23,city,trim_or_blank_to_missing,부산 ,부산
customers,50,city,trim_or_blank_to_missing, 인천,인천
customers,74,city,trim_or_blank_to_missing, 수원 ,수원
customers,119,city,trim_or_blank_to_missing,대전  ,대전
products,4,category,trim_or_blank_to_missing,전자기기 ,전자기기
products,45,category,trim_or_blank_to_missing, 생활용품,생활용품
products,71,category,trim_or_blank_to_missing,패션 ,패션
orders,15,payment_method,trim_or_blank_to_missing, card ,card
orders,59,payment_method,trim_or_blank_to_missing,kakao_pay ,kakao_pay
orders,105,payment_method,trim_or_blank_to_missing, bank_transfer,bank_transfer
orders,167,payment_method,trim_or_blank_to_missing,naver_pay ,naver_pay
orders,228,payment_method,trim_or_blank_to_missing, card,card
customers,25,age,numeric_conversion,unknown,<NA>
customers,34,age,numeric_conversion,150,150.0
customers,98,age,numeric_conversion,unknown,<NA>
customers,145,age,numeric_conversion,90,90.0
customers,13,age,median_imputation,<NA>,41.0
customers,25,age,median_imputation,<NA>,41.0
customers,54,age,median_imputation,<NA>,41.0
customers,89,age,median_imputation,<NA>,41.0
customers,98,age,median_imputation,<NA>,41.0
customers,122,age,median_imputation,<NA>,41.0
customers,42,city,unknown_category,<NA>,Unknown
customers,90,city,unknown_category,<NA>,Unknown
products,10,price,numeric_conversion,"75,000",75000
products,19,price,numeric_conversion,unknown,<NA>
products,23,price,numeric_conversion,"181,000",181000
products,62,price,numeric_conversion,"28,000",28000
products,74,price,numeric_conversion,unknown,<NA>
products,88,price,numeric_conversion,"93,000",93000
order_items,18,quantity,numeric_conversion,3개,3
order_items,92,quantity,numeric_conversion,2개,2
order_items,206,quantity,numeric_conversion,5개,5
order_items,320,quantity,numeric_conversion,three,<NA>
order_items,448,quantity,numeric_conversion,unknown,<NA>
order_items,45,unit_price,numeric_conversion,"52,000",52000
order_items,189,unit_price,numeric_conversion,"17,000",17000
order_items,278,unit_price,numeric_conversion,unknown,<NA>
order_items,367,unit_price,numeric_conversion,"161,000",161000
order_items,434,unit_price,numeric_conversion,not-a-number,<NA>
order_items,523,unit_price,numeric_conversion,"34,000",34000
order_items,691,unit_price,numeric_conversion,"129,000",129000
customers,2,signup_date,date_conversion,2025-10-05,2025-10-05T00:00:00
customers,3,signup_date,date_conversion,2023-09-20,2023-09-20T00:00:00
customers,4,signup_date,date_conversion,2025-01-22,2025-01-22T00:00:00
customers,5,signup_date,date_conversion,2025-03-13,2025-03-13T00:00:00
customers,6,signup_date,date_conversion,2024-02-10,2024-02-10T00:00:00
customers,7,signup_date,date_conversion,2023-07-21,2023-07-21T00:00:00
customers,8,signup_date,date_conversion,2023-11-13,2023-11-13T00:00:00
customers,9,signup_date,date_conversion,2026-05-11,2026-05-11T00:00:00
customers,10,signup_date,date_conversion,2025-01-13,2025-01-13T00:00:00
customers,11,signup_date,date_conversion,2023-08-22,2023-08-22T00:00:00
customers,12,signup_date,date_conversion,2026-01-07,2026-01-07T00:00:00
customers,13,signup_date,date_conversion,2026-03-06,2026-03-06T00:00:00
customers,14,signup_date,date_conversion,2026-07-09,2026-07-09T00:00:00
customers,15,signup_date,date_conversion,2024-01-22,2024-01-22T00:00:00
customers,16,signup_date,date_conversion,2025-05-18,2025-05-18T00:00:00
customers,17,signup_date,date_conversion,2024-02-13,2024-02-13T00:00:00
customers,18,signup_date,date_conversion,2023-07-30,2023-07-30T00:00:00
customers,19,signup_date,date_conversion,2025-08-05,2025-08-05T00:00:00
customers,20,signup_date,date_conversion,2025-04-19,2025-04-19T00:00:00
customers,21,signup_date,date_conversion,2025-12-30,2025-12-30T00:00:00
customers,22,signup_date,date_conversion,2023-08-07,2023-08-07T00:00:00
customers,23,signup_date,date_conversion,2024-06-28,2024-06-28T00:00:00
customers,24,signup_date,date_conversion,2024-03-20,2024-03-20T00:00:00
customers,25,signup_date,date_conversion,2024-11-06,2024-11-06T00:00:00
customers,26,signup_date,date_conversion,2025-12-11,2025-12-11T00:00:00
customers,27,signup_date,date_conversion,2026-01-03,2026-01-03T00:00:00
customers,28,signup_date,date_conversion,2025-11-06,2025-11-06T00:00:00
customers,29,signup_date,date_conversion,2026-05-31,2026-05-31T00:00:00
customers,30,signup_date,date_conversion,2024-06-08,2024-06-08T00:00:00
customers,31,signup_date,date_conversion,2026-07-15,2026-07-15T00:00:00
customers,32,signup_date,date_conversion,2023-12-24,2023-12-24T00:00:00
customers,33,signup_date,date_conversion,2026-01-31,2026-01-31T00:00:00
customers,34,signup_date,date_conversion,2025-09-14,2025-09-14T00:00:00
customers,35,signup_date,date_conversion,2026-06-09,2026-06-09T00:00:00
customers,36,signup_date,date_conversion,2026-08-11,2026-08-11T00:00:00
customers,37,signup_date,date_conversion,2026-01-30,2026-01-30T00:00:00
customers,38,signup_date,date_conversion,2024-03-17,2024-03-17T00:00:00
customers,39,signup_date,date_conversion,2025-04-09,2025-04-09T00:00:00
customers,40,signup_date,date_conversion,2024-10-25,2024-10-25T00:00:00
customers,41,signup_date,date_conversion,2025-11-04,2025-11-04T00:00:00
customers,42,signup_date,date_conversion,2023-10-20,2023-10-20T00:00:00
customers,43,signup_date,date_conversion,2025-11-24,2025-11-24T00:00:00
customers,44,signup_date,date_conversion,2025-11-16,2025-11-16T00:00:00
customers,45,signup_date,date_conversion,2025-03-10,2025-03-10T00:00:00
customers,46,signup_date,date_conversion,2024-04-02,2024-04-02T00:00:00
customers,47,signup_date,date_conversion,2025-11-02,2025-11-02T00:00:00
customers,48,signup_date,date_conversion,2025-01-31,2025-01-31T00:00:00
customers,49,signup_date,date_conversion,2023-09-28,2023-09-28T00:00:00
customers,50,signup_date,date_conversion,2025-04-01,2025-04-01T00:00:00
customers,51,signup_date,date_conversion,2025-10-12,2025-10-12T00:00:00
customers,52,signup_date,date_conversion,2025-07-05,2025-07-05T00:00:00
customers,53,signup_date,date_conversion,2026-03-14,2026-03-14T00:00:00
customers,54,signup_date,date_conversion,2025-08-20,2025-08-20T00:00:00
customers,55,signup_date,date_conversion,2023-10-31,2023-10-31T00:00:00
customers,56,signup_date,date_conversion,2024-11-20,2024-11-20T00:00:00
customers,57,signup_date,date_conversion,2025-02-19,2025-02-19T00:00:00
customers,58,signup_date,date_conversion,2026-01-03,2026-01-03T00:00:00
customers,59,signup_date,date_conversion,2026-01-26,2026-01-26T00:00:00
customers,60,signup_date,date_conversion,2025-10-07,2025-10-07T00:00:00
customers,61,signup_date,date_conversion,2026-04-08,2026-04-08T00:00:00
customers,62,signup_date,date_conversion,2025-07-19,2025-07-19T00:00:00
customers,63,signup_date,date_conversion,2026-05-28,2026-05-28T00:00:00
customers,64,signup_date,date_conversion,2024-08-20,2024-08-20T00:00:00
customers,65,signup_date,date_conversion,2025-04-26,2025-04-26T00:00:00
customers,66,signup_date,date_conversion,2026-13-40,<NA>
customers,67,signup_date,date_conversion,2025-03-26,2025-03-26T00:00:00
customers,68,signup_date,date_conversion,2026-05-06,2026-05-06T00:00:00
customers,69,signup_date,date_conversion,2026-02-24,2026-02-24T00:00:00
customers,70,signup_date,date_conversion,2025-06-06,2025-06-06T00:00:00
customers,71,signup_date,date_conversion,2025-09-28,2025-09-28T00:00:00
customers,72,signup_date,date_conversion,2024-02-18,2024-02-18T00:00:00
customers,73,signup_date,date_conversion,2023-11-12,2023-11-12T00:00:00
customers,74,signup_date,date_conversion,2024-01-17,2024-01-17T00:00:00
customers,75,signup_date,date_conversion,2023-08-26,2023-08-26T00:00:00
customers,76,signup_date,date_conversion,2023-08-19,2023-08-19T00:00:00
customers,77,signup_date,date_conversion,2025-02-13,2025-02-13T00:00:00
customers,78,signup_date,date_conversion,2026-05-06,2026-05-06T00:00:00
customers,79,signup_date,date_conversion,2025-09-08,2025-09-08T00:00:00
customers,80,signup_date,date_conversion,2024-09-28,2024-09-28T00:00:00
customers,81,signup_date,date_conversion,2023-08-16,2023-08-16T00:00:00
customers,82,signup_date,date_conversion,2025-01-25,2025-01-25T00:00:00
customers,83,signup_date,date_conversion,2025-11-22,2025-11-22T00:00:00
customers,84,signup_date,date_conversion,2025-11-02,2025-11-02T00:00:00
customers,85,signup_date,date_conversion,2025-09-29,2025-09-29T00:00:00
customers,86,signup_date,date_conversion,2023-10-05,2023-10-05T00:00:00
customers,87,signup_date,date_conversion,2023-12-24,2023-12-24T00:00:00
customers,88,signup_date,date_conversion,2026-03-30,2026-03-30T00:00:00
customers,89,signup_date,date_conversion,2026-08-24,2026-08-24T00:00:00
customers,90,signup_date,date_conversion,2025-06-21,2025-06-21T00:00:00
customers,91,signup_date,date_conversion,2024-09-22,2024-09-22T00:00:00
customers,92,signup_date,date_conversion,2023-11-13,2023-11-13T00:00:00
customers,93,signup_date,date_conversion,2025-01-04,2025-01-04T00:00:00
customers,94,signup_date,date_conversion,2025-01-26,2025-01-26T00:00:00
customers,95,signup_date,date_conversion,2024-08-14,2024-08-14T00:00:00
customers,96,signup_date,date_conversion,2023-10-20,2023-10-20T00:00:00
customers,97,signup_date,date_conversion,2026-06-20,2026-06-20T00:00:00
customers,98,signup_date,date_conversion,2024-12-26,2024-12-26T00:00:00
customers,99,signup_date,date_conversion,2025-03-15,2025-03-15T00:00:00
customers,100,signup_date,date_conversion,2024-06-22,2024-06-22T00:00:00
customers,101,signup_date,date_conversion,2025-07-03,2025-07-03T00:00:00
customers,102,signup_date,date_conversion,2024-04-11,2024-04-11T00:00:00
customers,103,signup_date,date_conversion,2023-10-18,2023-10-18T00:00:00
customers,104,signup_date,date_conversion,2025-05-16,2025-05-16T00:00:00
customers,105,signup_date,date_conversion,2025-08-31,2025-08-31T00:00:00
customers,106,signup_date,date_conversion,2025-09-13,2025-09-13T00:00:00
customers,107,signup_date,date_conversion,2023-08-05,2023-08-05T00:00:00
customers,108,signup_date,date_conversion,2026-02-22,2026-02-22T00:00:00
customers,109,signup_date,date_conversion,2024-07-20,2024-07-20T00:00:00
customers,110,signup_date,date_conversion,not-a-date,<NA>
customers,111,signup_date,date_conversion,2025-04-05,2025-04-05T00:00:00
customers,112,signup_date,date_conversion,2023-09-04,2023-09-04T00:00:00
customers,113,signup_date,date_conversion,2023-08-13,2023-08-13T00:00:00
customers,114,signup_date,date_conversion,2025-06-13,2025-06-13T00:00:00
customers,115,signup_date,date_conversion,2026-02-16,2026-02-16T00:00:00
customers,116,signup_date,date_conversion,2025-12-24,2025-12-24T00:00:00
customers,117,signup_date,date_conversion,2026-07-24,2026-07-24T00:00:00
customers,118,signup_date,date_conversion,2023-09-08,2023-09-08T00:00:00
customers,119,signup_date,date_conversion,2025-05-21,2025-05-21T00:00:00
customers,120,signup_date,date_conversion,2024-01-26,2024-01-26T00:00:00
customers,121,signup_date,date_conversion,2024-04-15,2024-04-15T00:00:00
customers,122,signup_date,date_conversion,2023-12-26,2023-12-26T00:00:00
customers,123,signup_date,date_conversion,2025-05-23,2025-05-23T00:00:00
customers,124,signup_date,date_conversion,2024-02-29,2024-02-29T00:00:00
customers,125,signup_date,date_conversion,2025-01-07,2025-01-07T00:00:00
customers,126,signup_date,date_conversion,2023-10-19,2023-10-19T00:00:00
customers,127,signup_date,date_conversion,2025-12-03,2025-12-03T00:00:00
customers,128,signup_date,date_conversion,2025-11-10,2025-11-10T00:00:00
customers,129,signup_date,date_conversion,2025-08-14,2025-08-14T00:00:00
customers,130,signup_date,date_conversion,2024-01-03,2024-01-03T00:00:00
customers,131,signup_date,date_conversion,2025-09-02,2025-09-02T00:00:00
customers,132,signup_date,date_conversion,2025-11-21,2025-11-21T00:00:00
customers,133,signup_date,date_conversion,2025-09-02,2025-09-02T00:00:00
customers,134,signup_date,date_conversion,2024-04-23,2024-04-23T00:00:00
customers,135,signup_date,date_conversion,2025-06-09,2025-06-09T00:00:00
customers,136,signup_date,date_conversion,2025-11-30,2025-11-30T00:00:00
customers,137,signup_date,date_conversion,2025-11-16,2025-11-16T00:00:00
customers,138,signup_date,date_conversion,2026-02-06,2026-02-06T00:00:00
customers,139,signup_date,date_conversion,2023-12-02,2023-12-02T00:00:00
customers,140,signup_date,date_conversion,2026-05-03,2026-05-03T00:00:00
customers,141,signup_date,date_conversion,2025-09-04,2025-09-04T00:00:00
customers,142,signup_date,date_conversion,2026-01-23,2026-01-23T00:00:00
customers,143,signup_date,date_conversion,2023-11-09,2023-11-09T00:00:00
customers,144,signup_date,date_conversion,2023-10-01,2023-10-01T00:00:00
customers,145,signup_date,date_conversion,2024-03-13,2024-03-13T00:00:00
customers,146,signup_date,date_conversion,2025-02-15,2025-02-15T00:00:00
customers,147,signup_date,date_conversion,2024-01-04,2024-01-04T00:00:00
customers,148,signup_date,date_conversion,2023-11-19,2023-11-19T00:00:00
customers,149,signup_date,date_conversion,2026-04-10,2026-04-10T00:00:00
customers,150,signup_date,date_conversion,2025-03-23,2025-03-23T00:00:00
customers,151,signup_date,date_conversion,2024-03-19,2024-03-19T00:00:00
orders,2,order_date,date_conversion,2026-07-12,2026-07-12T00:00:00
orders,3,order_date,date_conversion,2025-10-02,2025-10-02T00:00:00
orders,4,order_date,date_conversion,2026-03-13,2026-03-13T00:00:00
orders,5,order_date,date_conversion,2025-10-12,2025-10-12T00:00:00
orders,6,order_date,date_conversion,2026-04-17,2026-04-17T00:00:00
orders,7,order_date,date_conversion,2025-07-06,2025-07-06T00:00:00
orders,8,order_date,date_conversion,2025-08-08,2025-08-08T00:00:00
orders,9,order_date,date_conversion,2026-02-04,2026-02-04T00:00:00
orders,10,order_date,date_conversion,2026-05-12,2026-05-12T00:00:00
orders,11,order_date,date_conversion,2026-01-22,2026-01-22T00:00:00
orders,12,order_date,date_conversion,2025-10-26,2025-10-26T00:00:00
orders,13,order_date,date_conversion,2026-08-05,2026-08-05T00:00:00
orders,14,order_date,date_conversion,2026-08-08,2026-08-08T00:00:00
orders,15,order_date,date_conversion,2026-04-07,2026-04-07T00:00:00
orders,16,order_date,date_conversion,2025-07-02,2025-07-02T00:00:00
orders,17,order_date,date_conversion,2025-09-08,2025-09-08T00:00:00
orders,18,order_date,date_conversion,2025-11-17,2025-11-17T00:00:00
orders,19,order_date,date_conversion,2026-05-27,2026-05-27T00:00:00
orders,20,order_date,date_conversion,2026-02-02,2026-02-02T00:00:00
orders,21,order_date,date_conversion,2025-12-30,2025-12-30T00:00:00
orders,22,order_date,date_conversion,2026-02-13,2026-02-13T00:00:00
orders,23,order_date,date_conversion,2025-08-05,2025-08-05T00:00:00
orders,24,order_date,date_conversion,2025-08-06,2025-08-06T00:00:00
orders,25,order_date,date_conversion,2025-11-30,2025-11-30T00:00:00
orders,26,order_date,date_conversion,2025-08-21,2025-08-21T00:00:00
orders,27,order_date,date_conversion,2026-06-09,2026-06-09T00:00:00
orders,28,order_date,date_conversion,2025-08-19,2025-08-19T00:00:00
orders,29,order_date,date_conversion,2025-11-18,2025-11-18T00:00:00
orders,30,order_date,date_conversion,2026-03-04,2026-03-04T00:00:00
orders,31,order_date,date_conversion,2025-10-29,2025-10-29T00:00:00
orders,32,order_date,date_conversion,2026-07-05,2026-07-05T00:00:00
orders,33,order_date,date_conversion,2026-05-24,2026-05-24T00:00:00
orders,34,order_date,date_conversion,2026-04-09,2026-04-09T00:00:00
orders,35,order_date,date_conversion,2025-12-31,2025-12-31T00:00:00
orders,36,order_date,date_conversion,2026-05-11,2026-05-11T00:00:00
orders,37,order_date,date_conversion,2026-03-20,2026-03-20T00:00:00
orders,38,order_date,date_conversion,2025-07-10,2025-07-10T00:00:00
orders,39,order_date,date_conversion,2026-03-21,2026-03-21T00:00:00
orders,40,order_date,date_conversion,2025-11-29,2025-11-29T00:00:00
orders,41,order_date,date_conversion,2026-03-25,2026-03-25T00:00:00
orders,42,order_date,date_conversion,2026-01-08,2026-01-08T00:00:00
orders,43,order_date,date_conversion,2026-03-02,2026-03-02T00:00:00
orders,44,order_date,date_conversion,2026-02-21,2026-02-21T00:00:00
orders,45,order_date,date_conversion,2026-08-01,2026-08-01T00:00:00
orders,46,order_date,date_conversion,2025-11-14,2025-11-14T00:00:00
orders,47,order_date,date_conversion,2025-10-09,2025-10-09T00:00:00
orders,48,order_date,date_conversion,2026-06-04,2026-06-04T00:00:00
orders,49,order_date,date_conversion,2026-04-05,2026-04-05T00:00:00
orders,50,order_date,date_conversion,2026-06-02,2026-06-02T00:00:00
orders,51,order_date,date_conversion,2026-08-14,2026-08-14T00:00:00
orders,52,order_date,date_conversion,2025-10-27,2025-10-27T00:00:00
orders,53,order_date,date_conversion,2026-06-22,2026-06-22T00:00:00
orders,54,order_date,date_conversion,2026-03-13,2026-03-13T00:00:00
orders,55,order_date,date_conversion,2026-08-21,2026-08-21T00:00:00
orders,56,order_date,date_conversion,2025-12-29,2025-12-29T00:00:00
orders,57,order_date,date_conversion,2025-09-07,2025-09-07T00:00:00
orders,58,order_date,date_conversion,2025-07-01,2025-07-01T00:00:00
orders,59,order_date,date_conversion,2025-07-02,2025-07-02T00:00:00
orders,60,order_date,date_conversion,2026-03-25,2026-03-25T00:00:00
orders,61,order_date,date_conversion,2025-10-05,2025-10-05T00:00:00
orders,62,order_date,date_conversion,2026-05-27,2026-05-27T00:00:00
orders,63,order_date,date_conversion,2026-04-16,2026-04-16T00:00:00
orders,64,order_date,date_conversion,2026-06-08,2026-06-08T00:00:00
orders,65,order_date,date_conversion,2025-07-07,2025-07-07T00:00:00
orders,66,order_date,date_conversion,2025-12-18,2025-12-18T00:00:00
orders,67,order_date,date_conversion,2025-11-17,2025-11-17T00:00:00
orders,68,order_date,date_conversion,2026-03-20,2026-03-20T00:00:00
orders,69,order_date,date_conversion,2026-04-01,2026-04-01T00:00:00
orders,70,order_date,date_conversion,2026-08-02,2026-08-02T00:00:00
orders,71,order_date,date_conversion,2025-12-31,2025-12-31T00:00:00
orders,72,order_date,date_conversion,2026-08-05,2026-08-05T00:00:00
orders,73,order_date,date_conversion,not-a-date,<NA>
orders,74,order_date,date_conversion,2025-12-20,2025-12-20T00:00:00
orders,75,order_date,date_conversion,2026-04-12,2026-04-12T00:00:00
orders,76,order_date,date_conversion,2026-04-08,2026-04-08T00:00:00
orders,77,order_date,date_conversion,2026-02-25,2026-02-25T00:00:00
orders,78,order_date,date_conversion,2026-08-29,2026-08-29T00:00:00
orders,79,order_date,date_conversion,2026-07-22,2026-07-22T00:00:00
orders,80,order_date,date_conversion,2026-05-22,2026-05-22T00:00:00
orders,81,order_date,date_conversion,2026-01-15,2026-01-15T00:00:00
orders,82,order_date,date_conversion,2025-11-17,2025-11-17T00:00:00
orders,83,order_date,date_conversion,2026-01-22,2026-01-22T00:00:00
orders,84,order_date,date_conversion,2025-07-29,2025-07-29T00:00:00
orders,85,order_date,date_conversion,2025-07-04,2025-07-04T00:00:00
orders,86,order_date,date_conversion,2026-01-13,2026-01-13T00:00:00
orders,87,order_date,date_conversion,2025-10-04,2025-10-04T00:00:00
orders,88,order_date,date_conversion,2026-05-13,2026-05-13T00:00:00
orders,89,order_date,date_conversion,2025-11-13,2025-11-13T00:00:00
orders,90,order_date,date_conversion,2025-11-12,2025-11-12T00:00:00
orders,91,order_date,date_conversion,2026-07-27,2026-07-27T00:00:00
orders,92,order_date,date_conversion,2025-12-05,2025-12-05T00:00:00
orders,93,order_date,date_conversion,2026-02-03,2026-02-03T00:00:00
orders,94,order_date,date_conversion,2025-12-12,2025-12-12T00:00:00
orders,95,order_date,date_conversion,2025-10-10,2025-10-10T00:00:00
orders,96,order_date,date_conversion,2026-03-08,2026-03-08T00:00:00
orders,97,order_date,date_conversion,2026-06-21,2026-06-21T00:00:00
orders,98,order_date,date_conversion,2025-10-20,2025-10-20T00:00:00
orders,99,order_date,date_conversion,2025-10-10,2025-10-10T00:00:00
orders,100,order_date,date_conversion,2026-03-26,2026-03-26T00:00:00
orders,101,order_date,date_conversion,2026-04-30,2026-04-30T00:00:00
orders,102,order_date,date_conversion,2026-02-18,2026-02-18T00:00:00
orders,103,order_date,date_conversion,2026-05-04,2026-05-04T00:00:00
orders,104,order_date,date_conversion,2026-07-14,2026-07-14T00:00:00
orders,105,order_date,date_conversion,2026-01-14,2026-01-14T00:00:00
orders,106,order_date,date_conversion,2026-06-07,2026-06-07T00:00:00
orders,107,order_date,date_conversion,2026-08-20,2026-08-20T00:00:00
orders,108,order_date,date_conversion,2025-07-24,2025-07-24T00:00:00
orders,109,order_date,date_conversion,2026-08-06,2026-08-06T00:00:00
orders,110,order_date,date_conversion,2026-01-13,2026-01-13T00:00:00
orders,111,order_date,date_conversion,2025-08-21,2025-08-21T00:00:00
orders,112,order_date,date_conversion,2026-01-29,2026-01-29T00:00:00
orders,113,order_date,date_conversion,2025-11-27,2025-11-27T00:00:00
orders,114,order_date,date_conversion,2026-04-21,2026-04-21T00:00:00
orders,115,order_date,date_conversion,2026-02-05,2026-02-05T00:00:00
orders,116,order_date,date_conversion,2025-08-10,2025-08-10T00:00:00
orders,117,order_date,date_conversion,2025-12-05,2025-12-05T00:00:00
orders,118,order_date,date_conversion,2025-11-15,2025-11-15T00:00:00
orders,119,order_date,date_conversion,2025-10-29,2025-10-29T00:00:00
orders,120,order_date,date_conversion,2025-08-27,2025-08-27T00:00:00
orders,121,order_date,date_conversion,2025-08-21,2025-08-21T00:00:00
orders,122,order_date,date_conversion,2026-08-03,2026-08-03T00:00:00
orders,123,order_date,date_conversion,2026-02-11,2026-02-11T00:00:00
orders,124,order_date,date_conversion,2025-09-13,2025-09-13T00:00:00
orders,125,order_date,date_conversion,2025-12-01,2025-12-01T00:00:00
orders,126,order_date,date_conversion,2026-03-11,2026-03-11T00:00:00
orders,127,order_date,date_conversion,2026-01-13,2026-01-13T00:00:00
orders,128,order_date,date_conversion,2026-05-12,2026-05-12T00:00:00
orders,129,order_date,date_conversion,2026-06-17,2026-06-17T00:00:00
orders,130,order_date,date_conversion,2026-07-01,2026-07-01T00:00:00
orders,131,order_date,date_conversion,2025-08-17,2025-08-17T00:00:00
orders,132,order_date,date_conversion,2026-02-12,2026-02-12T00:00:00
orders,133,order_date,date_conversion,2026-04-14,2026-04-14T00:00:00
orders,134,order_date,date_conversion,2025-11-21,2025-11-21T00:00:00
orders,135,order_date,date_conversion,2025-11-16,2025-11-16T00:00:00
orders,136,order_date,date_conversion,2026-03-30,2026-03-30T00:00:00
orders,137,order_date,date_conversion,2026-08-19,2026-08-19T00:00:00
orders,138,order_date,date_conversion,2025-12-09,2025-12-09T00:00:00
orders,139,order_date,date_conversion,2026-01-21,2026-01-21T00:00:00
orders,140,order_date,date_conversion,2025-08-08,2025-08-08T00:00:00
orders,141,order_date,date_conversion,2025-08-31,2025-08-31T00:00:00
orders,142,order_date,date_conversion,2026-05-16,2026-05-16T00:00:00
orders,143,order_date,date_conversion,2026-02-03,2026-02-03T00:00:00
orders,144,order_date,date_conversion,2026-02-30,<NA>
orders,145,order_date,date_conversion,2026-08-18,2026-08-18T00:00:00
orders,146,order_date,date_conversion,2026-02-03,2026-02-03T00:00:00
orders,147,order_date,date_conversion,2025-09-17,2025-09-17T00:00:00
orders,148,order_date,date_conversion,2026-03-06,2026-03-06T00:00:00
orders,149,order_date,date_conversion,2026-01-20,2026-01-20T00:00:00
orders,150,order_date,date_conversion,2026-07-17,2026-07-17T00:00:00
orders,151,order_date,date_conversion,2026-02-26,2026-02-26T00:00:00
orders,152,order_date,date_conversion,2026-07-07,2026-07-07T00:00:00
orders,153,order_date,date_conversion,2025-07-07,2025-07-07T00:00:00
orders,154,order_date,date_conversion,2026-03-09,2026-03-09T00:00:00
orders,155,order_date,date_conversion,2025-08-21,2025-08-21T00:00:00
orders,156,order_date,date_conversion,2026-05-10,2026-05-10T00:00:00
orders,157,order_date,date_conversion,2026-03-31,2026-03-31T00:00:00
orders,158,order_date,date_conversion,2026-04-20,2026-04-20T00:00:00
orders,159,order_date,date_conversion,2025-08-19,2025-08-19T00:00:00
orders,160,order_date,date_conversion,2025-12-04,2025-12-04T00:00:00
orders,161,order_date,date_conversion,2025-10-04,2025-10-04T00:00:00
orders,162,order_date,date_conversion,2025-08-02,2025-08-02T00:00:00
orders,163,order_date,date_conversion,2026-06-09,2026-06-09T00:00:00
orders,164,order_date,date_conversion,2026-06-24,2026-06-24T00:00:00
orders,165,order_date,date_conversion,2025-12-31,2025-12-31T00:00:00
orders,166,order_date,date_conversion,2025-12-10,2025-12-10T00:00:00
orders,167,order_date,date_conversion,2026-01-28,2026-01-28T00:00:00
orders,168,order_date,date_conversion,2025-07-02,2025-07-02T00:00:00
orders,169,order_date,date_conversion,2026-02-15,2026-02-15T00:00:00
orders,170,order_date,date_conversion,2025-10-01,2025-10-01T00:00:00
orders,171,order_date,date_conversion,2025-12-07,2025-12-07T00:00:00
orders,172,order_date,date_conversion,2026-01-15,2026-01-15T00:00:00
orders,173,order_date,date_conversion,2025-09-25,2025-09-25T00:00:00
orders,174,order_date,date_conversion,2026-04-19,2026-04-19T00:00:00
orders,175,order_date,date_conversion,2026-04-03,2026-04-03T00:00:00
orders,176,order_date,date_conversion,2025-08-26,2025-08-26T00:00:00
orders,177,order_date,date_conversion,2025-07-12,2025-07-12T00:00:00
orders,178,order_date,date_conversion,2026-02-02,2026-02-02T00:00:00
orders,179,order_date,date_conversion,2026-04-08,2026-04-08T00:00:00
orders,180,order_date,date_conversion,2025-08-04,2025-08-04T00:00:00
orders,181,order_date,date_conversion,2026-08-25,2026-08-25T00:00:00
orders,182,order_date,date_conversion,2025-12-03,2025-12-03T00:00:00
orders,183,order_date,date_conversion,2026-04-28,2026-04-28T00:00:00
orders,184,order_date,date_conversion,2025-08-26,2025-08-26T00:00:00
orders,185,order_date,date_conversion,2026-03-12,2026-03-12T00:00:00
orders,186,order_date,date_conversion,2026-04-17,2026-04-17T00:00:00
orders,187,order_date,date_conversion,2025-12-27,2025-12-27T00:00:00
orders,188,order_date,date_conversion,2026-05-14,2026-05-14T00:00:00
orders,189,order_date,date_conversion,2025-10-09,2025-10-09T00:00:00
orders,190,order_date,date_conversion,2026-01-25,2026-01-25T00:00:00
orders,191,order_date,date_conversion,2025-10-07,2025-10-07T00:00:00
orders,192,order_date,date_conversion,2025-10-13,2025-10-13T00:00:00
orders,193,order_date,date_conversion,2026-06-10,2026-06-10T00:00:00
orders,194,order_date,date_conversion,2026-04-23,2026-04-23T00:00:00
orders,195,order_date,date_conversion,2026-01-30,2026-01-30T00:00:00
orders,196,order_date,date_conversion,2026-04-03,2026-04-03T00:00:00
orders,197,order_date,date_conversion,2026-08-10,2026-08-10T00:00:00
orders,198,order_date,date_conversion,2026-05-30,2026-05-30T00:00:00
orders,199,order_date,date_conversion,2025-07-24,2025-07-24T00:00:00
orders,200,order_date,date_conversion,2025-09-28,2025-09-28T00:00:00
orders,201,order_date,date_conversion,2025-10-11,2025-10-11T00:00:00
orders,202,order_date,date_conversion,2025-09-08,2025-09-08T00:00:00
orders,203,order_date,date_conversion,2026-03-11,2026-03-11T00:00:00
orders,204,order_date,date_conversion,2025-10-17,2025-10-17T00:00:00
orders,205,order_date,date_conversion,2026-08-11,2026-08-11T00:00:00
orders,206,order_date,date_conversion,2025-09-10,2025-09-10T00:00:00
orders,207,order_date,date_conversion,2026-06-29,2026-06-29T00:00:00
orders,208,order_date,date_conversion,2026-08-30,2026-08-30T00:00:00
orders,209,order_date,date_conversion,2026-04-06,2026-04-06T00:00:00
orders,210,order_date,date_conversion,2026-05-06,2026-05-06T00:00:00
orders,211,order_date,date_conversion,2026-02-15,2026-02-15T00:00:00
orders,212,order_date,date_conversion,2026-06-22,2026-06-22T00:00:00
orders,213,order_date,date_conversion,2025-12-11,2025-12-11T00:00:00
orders,214,order_date,date_conversion,2025-08-28,2025-08-28T00:00:00
orders,215,order_date,date_conversion,2026/99/99,<NA>
orders,216,order_date,date_conversion,2026-06-12,2026-06-12T00:00:00
orders,217,order_date,date_conversion,2026-02-11,2026-02-11T00:00:00
orders,218,order_date,date_conversion,2025-11-29,2025-11-29T00:00:00
orders,219,order_date,date_conversion,2026-01-13,2026-01-13T00:00:00
orders,220,order_date,date_conversion,2025-12-03,2025-12-03T00:00:00
orders,221,order_date,date_conversion,2026-06-19,2026-06-19T00:00:00
orders,222,order_date,date_conversion,2026-06-10,2026-06-10T00:00:00
orders,223,order_date,date_conversion,2025-08-27,2025-08-27T00:00:00
orders,224,order_date,date_conversion,2026-04-30,2026-04-30T00:00:00
orders,225,order_date,date_conversion,2025-12-25,2025-12-25T00:00:00
orders,226,order_date,date_conversion,2026-08-28,2026-08-28T00:00:00
orders,227,order_date,date_conversion,2026-04-26,2026-04-26T00:00:00
orders,228,order_date,date_conversion,2026-01-09,2026-01-09T00:00:00
orders,229,order_date,date_conversion,2026-06-22,2026-06-22T00:00:00
orders,230,order_date,date_conversion,2025-08-27,2025-08-27T00:00:00
orders,231,order_date,date_conversion,2026-03-12,2026-03-12T00:00:00
orders,232,order_date,date_conversion,2026-06-24,2026-06-24T00:00:00
orders,233,order_date,date_conversion,2026-08-11,2026-08-11T00:00:00
orders,234,order_date,date_conversion,2026-07-27,2026-07-27T00:00:00
orders,235,order_date,date_conversion,2026-01-10,2026-01-10T00:00:00
orders,236,order_date,date_conversion,2026-08-26,2026-08-26T00:00:00
orders,237,order_date,date_conversion,2026-05-04,2026-05-04T00:00:00
orders,238,order_date,date_conversion,2025-09-23,2025-09-23T00:00:00
orders,239,order_date,date_conversion,2025-07-15,2025-07-15T00:00:00
orders,240,order_date,date_conversion,2026-02-08,2026-02-08T00:00:00
orders,241,order_date,date_conversion,2026-01-24,2026-01-24T00:00:00
orders,242,order_date,date_conversion,2025-10-22,2025-10-22T00:00:00
orders,243,order_date,date_conversion,2026-05-16,2026-05-16T00:00:00
orders,244,order_date,date_conversion,2025-09-29,2025-09-29T00:00:00
orders,245,order_date,date_conversion,2026-06-09,2026-06-09T00:00:00
orders,246,order_date,date_conversion,2025-11-02,2025-11-02T00:00:00
orders,247,order_date,date_conversion,2025-11-06,2025-11-06T00:00:00
orders,248,order_date,date_conversion,2025-11-23,2025-11-23T00:00:00
orders,249,order_date,date_conversion,2025-07-25,2025-07-25T00:00:00
orders,250,order_date,date_conversion,2025-11-10,2025-11-10T00:00:00
orders,251,order_date,date_conversion,2026-03-13,2026-03-13T00:00:00
orders,252,order_date,date_conversion,2026-06-26,2026-06-26T00:00:00
orders,253,order_date,date_conversion,2025-10-14,2025-10-14T00:00:00
orders,254,order_date,date_conversion,2025-11-24,2025-11-24T00:00:00
orders,255,order_date,date_conversion,2025-12-23,2025-12-23T00:00:00
orders,256,order_date,date_conversion,2026-04-16,2026-04-16T00:00:00
orders,257,order_date,date_conversion,2027-01-15,2027-01-15T00:00:00
orders,258,order_date,date_conversion,2026-06-06,2026-06-06T00:00:00
orders,259,order_date,date_conversion,2025-11-14,2025-11-14T00:00:00
orders,260,order_date,date_conversion,2026-06-05,2026-06-05T00:00:00
orders,261,order_date,date_conversion,2025-11-30,2025-11-30T00:00:00
orders,262,order_date,date_conversion,2026-01-07,2026-01-07T00:00:00
orders,263,order_date,date_conversion,2026-08-11,2026-08-11T00:00:00
orders,264,order_date,date_conversion,2026-06-18,2026-06-18T00:00:00
orders,265,order_date,date_conversion,2025-08-26,2025-08-26T00:00:00
orders,266,order_date,date_conversion,2025-08-04,2025-08-04T00:00:00
orders,267,order_date,date_conversion,2026-01-15,2026-01-15T00:00:00
orders,268,order_date,date_conversion,2026-05-01,2026-05-01T00:00:00
orders,269,order_date,date_conversion,2026-05-12,2026-05-12T00:00:00
orders,270,order_date,date_conversion,2025-09-20,2025-09-20T00:00:00
orders,271,order_date,date_conversion,2025-12-02,2025-12-02T00:00:00
orders,272,order_date,date_conversion,2026-01-28,2026-01-28T00:00:00
orders,273,order_date,date_conversion,2025-12-25,2025-12-25T00:00:00
orders,274,order_date,date_conversion,2025-08-25,2025-08-25T00:00:00
orders,275,order_date,date_conversion,2025-11-07,2025-11-07T00:00:00
orders,276,order_date,date_conversion,2026-01-24,2026-01-24T00:00:00
orders,277,order_date,date_conversion,2025-10-29,2025-10-29T00:00:00
orders,278,order_date,date_conversion,2025-07-12,2025-07-12T00:00:00
orders,279,order_date,date_conversion,2026-07-10,2026-07-10T00:00:00
orders,280,order_date,date_conversion,2026-01-05,2026-01-05T00:00:00
orders,281,order_date,date_conversion,2026-05-07,2026-05-07T00:00:00
orders,282,order_date,date_conversion,2025-11-15,2025-11-15T00:00:00
orders,283,order_date,date_conversion,2025-08-13,2025-08-13T00:00:00
orders,284,order_date,date_conversion,2026-02-26,2026-02-26T00:00:00
orders,285,order_date,date_conversion,2025-07-05,2025-07-05T00:00:00
orders,286,order_date,date_conversion,2026-07-18,2026-07-18T00:00:00
orders,287,order_date,date_conversion,2025-09-03,2025-09-03T00:00:00
orders,288,order_date,date_conversion,2028-12-31,2028-12-31T00:00:00
orders,289,order_date,date_conversion,2025-07-13,2025-07-13T00:00:00
orders,290,order_date,date_conversion,2026-01-16,2026-01-16T00:00:00
orders,291,order_date,date_conversion,2026-04-24,2026-04-24T00:00:00
orders,292,order_date,date_conversion,2026-05-20,2026-05-20T00:00:00
orders,293,order_date,date_conversion,2026-06-11,2026-06-11T00:00:00
orders,294,order_date,date_conversion,2026-03-12,2026-03-12T00:00:00
orders,295,order_date,date_conversion,2025-07-06,2025-07-06T00:00:00
orders,296,order_date,date_conversion,2025-08-11,2025-08-11T00:00:00
orders,297,order_date,date_conversion,2026-04-13,2026-04-13T00:00:00
orders,298,order_date,date_conversion,2026-07-24,2026-07-24T00:00:00
orders,299,order_date,date_conversion,2026-03-27,2026-03-27T00:00:00
orders,300,order_date,date_conversion,2026-01-08,2026-01-08T00:00:00
orders,301,order_date,date_conversion,2026-04-29,2026-04-29T00:00:00
orders,12,order_status,status_standardization,complete,completed
orders,30,order_status,status_standardization,Complete,completed
orders,48,order_status,status_standardization,COMPLETED,completed
orders,64,order_status,status_standardization,완료,completed
orders,82,order_status,status_standardization,cancel,cancelled
orders,100,order_status,status_standardization,Cancel,cancelled
orders,118,order_status,status_standardization,CANCELLED,cancelled
orders,136,order_status,status_standardization,취소,cancelled
orders,154,order_status,status_standardization,refund,refunded
orders,172,order_status,status_standardization,Refund,refunded
orders,190,order_status,status_standardization,REFUNDED,refunded
orders,208,order_status,status_standardization,환불,refunded
orders,226,order_status,status_standardization,Complete,completed
orders,244,order_status,status_standardization,cancel,cancelled
orders,262,order_status,status_standardization,Refund,refunded
products,28,category,category_exact_mapping,전자 기기,전자기기
products,57,category,category_exact_mapping,생활 용품,생활용품
products,79,category,category_exact_mapping,뷰 티,뷰티
