stage,dataset,column,missing_count,missing_ratio_pct
raw,customers,customer_id,0,0.0
raw,customers,name,0,0.0
raw,customers,gender,0,0.0
raw,customers,age,4,2.63
raw,customers,city,2,1.32
raw,customers,signup_date,0,0.0
raw,products,product_id,0,0.0
raw,products,product_name,0,0.0
raw,products,category,0,0.0
raw,products,price,0,0.0
raw,orders,order_id,0,0.0
raw,orders,customer_id,0,0.0
raw,orders,order_date,0,0.0
raw,orders,payment_method,0,0.0
raw,orders,order_status,0,0.0
raw,order_items,order_item_id,0,0.0
raw,order_items,order_id,0,0.0
raw,order_items,product_id,0,0.0
raw,order_items,quantity,0,0.0
raw,order_items,unit_price,0,0.0
clean,customers,customer_id,0,0.0
clean,customers,name,0,0.0
clean,customers,gender,0,0.0
clean,customers,age,0,0.0
clean,customers,city,0,0.0
clean,customers,signup_date,2,1.33
clean,customers,age_imputed,0,0.0
clean,customers,age_outlier_candidate,0,0.0
clean,customers,city_imputed,0,0.0
clean,customers,signup_date_invalid,0,0.0
clean,customers,signup_date_future_candidate,0,0.0
clean,products,product_id,0,0.0
clean,products,product_name,0,0.0
clean,products,category,0,0.0
clean,products,price,0,0.0
clean,products,price_outlier_candidate,0,0.0
clean,orders,order_id,0,0.0
clean,orders,customer_id,0,0.0
clean,orders,order_date,3,1.01
clean,orders,payment_method,0,0.0
clean,orders,order_status,0,0.0
clean,orders,order_date_invalid,0,0.0
clean,orders,order_date_future_candidate,0,0.0
clean,orders,order_status_unexpected,0,0.0
clean,orders,order_month,3,1.01
clean,orders,order_dayofweek,3,1.01
clean,order_items,order_item_id,0,0.0
clean,order_items,order_id,0,0.0
clean,order_items,product_id,0,0.0
clean,order_items,quantity,0,0.0
clean,order_items,unit_price,0,0.0
clean,order_items,quantity_outlier_candidate,0,0.0
clean,order_items,line_total,0,0.0
