order_id,order_date,order_status,raw_detail_rows,clean_detail_rows,partly_retained,no_detail_left
1,2026-07-12,completed,1,1,False,False
2,2025-10-02,completed,4,4,False,False
3,2026-03-13,completed,3,3,False,False
4,2025-10-12,completed,1,1,False,False
5,2026-04-17,cancelled,1,1,False,False
6,2025-07-06,completed,3,3,False,False
7,2025-08-08,completed,2,2,False,False
8,2026-02-04,cancelled,4,4,False,False
9,2026-05-12,completed,4,3,True,False
10,2026-01-22,completed,1,1,False,False
11,2025-10-26,completed,1,1,False,False
12,2026-08-05,completed,3,3,False,False
13,2026-08-08,completed,2,2,False,False
14,2026-04-07,refunded,2,1,True,False
15,2025-07-02,cancelled,1,1,False,False
16,2025-09-08,completed,4,4,False,False
17,2025-11-17,cancelled,2,2,False,False
18,2026-05-27,completed,1,1,False,False
19,2026-02-02,completed,1,1,False,False
20,2025-12-30,cancelled,3,3,False,False
21,2026-02-13,completed,1,1,False,False
22,2025-08-05,cancelled,1,1,False,False
23,2025-08-06,completed,2,2,False,False
24,2025-11-30,completed,2,2,False,False
25,2025-08-21,completed,4,4,False,False
26,2026-06-09,refunded,3,3,False,False
27,2025-08-19,completed,2,2,False,False
28,2025-11-18,completed,1,1,False,False
29,2026-03-04,completed,3,3,False,False
30,2025-10-29,completed,2,2,False,False
31,2026-07-05,refunded,1,1,False,False
32,2026-05-24,completed,2,2,False,False
33,2026-04-09,refunded,3,3,False,False
34,2025-12-31,refunded,1,1,False,False
35,2026-05-11,completed,2,2,False,False
36,2026-03-20,completed,4,3,True,False
37,2025-07-10,completed,3,3,False,False
38,2026-03-21,completed,1,1,False,False
39,2025-11-29,completed,2,2,False,False
40,2026-03-25,completed,4,4,False,False
41,2026-01-08,cancelled,2,1,True,False
42,2026-03-02,completed,2,2,False,False
43,2026-02-21,completed,4,4,False,False
44,2026-08-01,refunded,3,2,True,False
45,2025-11-14,completed,1,1,False,False
46,2025-10-09,completed,3,3,False,False
47,2026-06-04,completed,3,2,True,False
48,2026-04-05,completed,2,2,False,False
49,2026-06-02,refunded,2,2,False,False
50,2026-08-14,completed,4,4,False,False
51,2025-10-27,completed,3,3,False,False
52,2026-06-22,completed,1,1,False,False
53,2026-03-13,cancelled,1,1,False,False
54,2026-08-21,completed,3,3,False,False
55,2025-12-29,completed,3,3,False,False
56,2025-09-07,refunded,4,4,False,False
57,2025-07-01,refunded,3,2,True,False
58,2025-07-02,cancelled,4,4,False,False
59,2026-03-25,completed,1,1,False,False
60,2025-10-05,completed,2,2,False,False
61,2026-05-27,completed,3,3,False,False
62,2026-04-16,completed,4,4,False,False
63,2026-06-08,completed,2,2,False,False
64,2025-07-07,cancelled,1,1,False,False
65,2025-12-18,completed,3,3,False,False
66,2025-11-17,cancelled,2,2,False,False
67,2026-03-20,cancelled,4,4,False,False
68,2026-04-01,completed,1,1,False,False
69,2026-08-02,cancelled,2,2,False,False
70,2025-12-31,completed,1,1,False,False
71,2026-08-05,completed,3,3,False,False
72,,completed,2,2,False,False
73,2025-12-20,cancelled,4,4,False,False
74,2026-04-12,refunded,3,3,False,False
75,2026-04-08,refunded,4,4,False,False
76,2026-02-25,completed,4,4,False,False
77,2026-08-29,cancelled,3,3,False,False
78,2026-07-22,refunded,1,1,False,False
79,2026-05-22,completed,4,4,False,False
80,2026-01-15,cancelled,4,4,False,False
81,2025-11-17,cancelled,4,4,False,False
82,2026-01-22,completed,4,4,False,False
83,2025-07-29,cancelled,1,1,False,False
84,2025-07-04,cancelled,3,3,False,False
85,2026-01-13,completed,4,4,False,False
86,2025-10-04,completed,3,2,True,False
87,2026-05-13,completed,3,3,False,False
88,2025-11-13,completed,1,1,False,False
89,2025-11-12,completed,3,3,False,False
90,2026-07-27,completed,3,3,False,False
91,2025-12-05,refunded,4,4,False,False
92,2026-02-03,completed,2,2,False,False
93,2025-12-12,refunded,2,2,False,False
94,2025-10-10,completed,3,3,False,False
95,2026-03-08,completed,1,1,False,False
96,2026-06-21,completed,2,2,False,False
97,2025-10-20,refunded,4,3,True,False
98,2025-10-10,completed,1,1,False,False
99,2026-03-26,cancelled,1,1,False,False
100,2026-04-30,completed,4,4,False,False
101,2026-02-18,cancelled,3,3,False,False
102,2026-05-04,completed,1,1,False,False
103,2026-07-14,completed,3,3,False,False
104,2026-01-14,cancelled,2,2,False,False
105,2026-06-07,completed,4,3,True,False
106,2026-08-20,cancelled,1,1,False,False
107,2025-07-24,completed,4,4,False,False
108,2026-08-06,completed,3,3,False,False
109,2026-01-13,refunded,3,3,False,False
110,2025-08-21,refunded,4,4,False,False
111,2026-01-29,completed,3,2,True,False
112,2025-11-27,refunded,3,3,False,False
113,2026-04-21,cancelled,2,2,False,False
114,2026-02-05,refunded,2,2,False,False
115,2025-08-10,completed,1,1,False,False
116,2025-12-05,completed,1,1,False,False
117,2025-11-15,cancelled,3,3,False,False
118,2025-10-29,completed,2,2,False,False
119,2025-08-27,refunded,4,4,False,False
120,2025-08-21,refunded,2,2,False,False
121,2026-08-03,completed,3,3,False,False
122,2026-02-11,refunded,1,1,False,False
123,2025-09-13,refunded,3,3,False,False
124,2025-12-01,completed,1,1,False,False
125,2026-03-11,cancelled,4,4,False,False
127,2026-05-12,completed,2,2,False,False
128,2026-06-17,completed,3,3,False,False
129,2026-07-01,completed,4,3,True,False
130,2025-08-17,completed,2,1,True,False
131,2026-02-12,cancelled,4,4,False,False
132,2026-04-14,cancelled,2,2,False,False
133,2025-11-21,completed,4,4,False,False
134,2025-11-16,completed,4,4,False,False
135,2026-03-30,cancelled,1,1,False,False
136,2026-08-19,completed,2,2,False,False
137,2025-12-09,cancelled,2,2,False,False
138,2026-01-21,completed,4,4,False,False
139,2025-08-08,cancelled,4,4,False,False
140,2025-08-31,cancelled,3,3,False,False
141,2026-05-16,completed,2,2,False,False
142,2026-02-03,refunded,4,4,False,False
143,,refunded,3,3,False,False
144,2026-08-18,cancelled,1,1,False,False
145,2026-02-03,completed,2,2,False,False
146,2025-09-17,refunded,3,3,False,False
147,2026-03-06,refunded,2,2,False,False
148,2026-01-20,refunded,2,2,False,False
149,2026-07-17,refunded,1,1,False,False
150,2026-02-26,completed,2,2,False,False
151,2026-07-07,completed,2,2,False,False
152,2025-07-07,completed,3,3,False,False
153,2026-03-09,refunded,2,2,False,False
154,2025-08-21,completed,4,4,False,False
155,2026-05-10,refunded,4,4,False,False
156,2026-03-31,completed,4,4,False,False
157,2026-04-20,cancelled,3,3,False,False
158,2025-08-19,completed,1,1,False,False
159,2025-12-04,completed,1,1,False,False
160,2025-10-04,completed,3,3,False,False
161,2025-08-02,completed,2,2,False,False
162,2026-06-09,cancelled,4,4,False,False
163,2026-06-24,completed,1,1,False,False
164,2025-12-31,completed,4,3,True,False
165,2025-12-10,refunded,4,4,False,False
166,2026-01-28,cancelled,3,3,False,False
167,2025-07-02,completed,1,1,False,False
168,2026-02-15,completed,3,3,False,False
169,2025-10-01,completed,3,3,False,False
170,2025-12-07,refunded,3,3,False,False
171,2026-01-15,refunded,4,3,True,False
172,2025-09-25,completed,4,4,False,False
173,2026-04-19,cancelled,4,4,False,False
174,2026-04-03,completed,4,4,False,False
175,2025-08-26,completed,1,0,False,True
176,2025-07-12,refunded,2,2,False,False
177,2026-02-02,completed,1,1,False,False
178,2026-04-08,completed,2,2,False,False
179,2025-08-04,completed,4,3,True,False
180,2026-08-25,completed,1,1,False,False
181,2025-12-03,completed,2,2,False,False
182,2026-04-28,completed,3,3,False,False
183,2025-08-26,completed,3,3,False,False
184,2026-03-12,completed,2,2,False,False
185,2026-04-17,completed,1,1,False,False
186,2025-12-27,completed,2,2,False,False
187,2026-05-14,cancelled,3,3,False,False
188,2025-10-09,completed,3,3,False,False
189,2026-01-25,refunded,1,1,False,False
190,2025-10-07,refunded,1,1,False,False
191,2025-10-13,completed,3,3,False,False
192,2026-06-10,refunded,4,3,True,False
193,2026-04-23,completed,2,2,False,False
194,2026-01-30,cancelled,4,4,False,False
195,2026-04-03,refunded,2,2,False,False
196,2026-08-10,completed,3,2,True,False
197,2026-05-30,cancelled,4,4,False,False
198,2025-07-24,completed,1,1,False,False
199,2025-09-28,completed,4,3,True,False
200,2025-10-11,cancelled,4,4,False,False
201,2025-09-08,refunded,4,3,True,False
202,2026-03-11,completed,1,1,False,False
203,2025-10-17,cancelled,2,2,False,False
204,2026-08-11,completed,3,3,False,False
205,2025-09-10,cancelled,4,4,False,False
206,2026-06-29,completed,1,1,False,False
207,2026-08-30,refunded,3,3,False,False
208,2026-04-06,completed,1,1,False,False
209,2026-05-06,cancelled,1,1,False,False
210,2026-02-15,completed,3,3,False,False
211,2026-06-22,completed,4,4,False,False
212,2025-12-11,completed,3,3,False,False
213,2025-08-28,completed,2,2,False,False
214,,completed,4,4,False,False
215,2026-06-12,completed,3,2,True,False
216,2026-02-11,completed,1,1,False,False
217,2025-11-29,cancelled,2,2,False,False
218,2026-01-13,refunded,4,3,True,False
219,2025-12-03,cancelled,1,1,False,False
220,2026-06-19,refunded,1,1,False,False
221,2026-06-10,cancelled,3,3,False,False
222,2025-08-27,completed,4,4,False,False
223,2026-04-30,refunded,1,1,False,False
224,2025-12-25,cancelled,1,1,False,False
225,2026-08-28,completed,3,3,False,False
226,2026-04-26,refunded,3,2,True,False
227,2026-01-09,refunded,1,1,False,False
228,2026-06-22,completed,4,3,True,False
229,2025-08-27,cancelled,4,3,True,False
230,2026-03-12,completed,2,2,False,False
231,2026-06-24,cancelled,4,3,True,False
232,2026-08-11,completed,2,2,False,False
233,2026-07-27,completed,3,3,False,False
234,2026-01-10,completed,3,3,False,False
235,2026-08-26,completed,4,4,False,False
236,2026-05-04,cancelled,4,4,False,False
237,2025-09-23,cancelled,1,1,False,False
238,2025-07-15,completed,1,1,False,False
239,2026-02-08,completed,1,1,False,False
240,2026-01-24,cancelled,2,2,False,False
241,2025-10-22,refunded,4,3,True,False
242,2026-05-16,cancelled,3,3,False,False
243,2025-09-29,cancelled,2,2,False,False
244,2026-06-09,completed,2,2,False,False
245,2025-11-02,completed,3,3,False,False
246,2025-11-06,completed,1,1,False,False
247,2025-11-23,completed,1,1,False,False
248,2025-07-25,completed,4,3,True,False
249,2025-11-10,completed,2,2,False,False
250,2026-03-13,cancelled,2,2,False,False
251,2026-06-26,refunded,1,1,False,False
252,2025-10-14,completed,2,2,False,False
253,2025-11-24,completed,3,3,False,False
254,2025-12-23,completed,3,3,False,False
255,2026-04-16,completed,4,4,False,False
256,2027-01-15,completed,3,3,False,False
257,2026-06-06,completed,3,2,True,False
258,2025-11-14,completed,4,3,True,False
259,2026-06-05,completed,4,4,False,False
260,2025-11-30,completed,2,2,False,False
261,2026-01-07,refunded,1,1,False,False
262,2026-08-11,completed,2,2,False,False
263,2026-06-18,completed,2,1,True,False
264,2025-08-26,completed,1,1,False,False
265,2025-08-04,completed,3,3,False,False
266,2026-01-15,completed,4,4,False,False
267,2026-05-01,completed,3,3,False,False
268,2026-05-12,completed,3,3,False,False
269,2025-09-20,refunded,3,3,False,False
270,2025-12-02,refunded,1,1,False,False
271,2026-01-28,completed,2,2,False,False
272,2025-12-25,completed,2,2,False,False
273,2025-08-25,completed,3,3,False,False
274,2025-11-07,cancelled,1,1,False,False
275,2026-01-24,refunded,2,2,False,False
276,2025-10-29,completed,1,1,False,False
277,2025-07-12,completed,4,4,False,False
279,2026-01-05,refunded,3,3,False,False
280,2026-05-07,cancelled,4,4,False,False
281,2025-11-15,completed,4,4,False,False
282,2025-08-13,completed,1,1,False,False
283,2026-02-26,refunded,3,3,False,False
284,2025-07-05,cancelled,1,1,False,False
285,2026-07-18,completed,3,3,False,False
286,2025-09-03,completed,3,3,False,False
287,2028-12-31,cancelled,4,4,False,False
288,2025-07-13,completed,4,4,False,False
289,2026-01-16,cancelled,1,1,False,False
290,2026-04-24,completed,3,3,False,False
291,2026-05-20,refunded,4,4,False,False
292,2026-06-11,completed,3,3,False,False
293,2026-03-12,refunded,3,3,False,False
294,2025-07-06,completed,2,2,False,False
295,2025-08-11,refunded,1,1,False,False
296,2026-04-13,completed,3,3,False,False
297,2026-07-24,completed,2,2,False,False
298,2026-03-27,completed,1,1,False,False
299,2026-01-08,cancelled,4,4,False,False
300,2026-04-29,completed,2,2,False,False
