city,customer_count,ratio_pct,total_sales,order_count,buyer_count,sales_per_registered_customer,customer_rank,sales_rank
부산,23,15.33,22440000,30,15,975652.1739130435,1,1
서울,18,12.0,21479000,20,11,1193277.7777777778,4,2
광주,21,14.0,19715000,28,16,938809.5238095238,2,3
인천,16,10.67,15723000,23,12,982687.5,6,4
대구,21,14.0,13811000,18,12,657666.6666666666,2,5
수원,10,6.67,12220000,13,8,1222000.0,7,6
성남,9,6.0,11288000,13,5,1254222.2222222222,8,7
울산,17,11.33,10213000,16,8,600764.7058823529,5,8
고양,8,5.33,6442000,10,6,805250.0,9,9
Unknown,2,1.33,820000,1,1,410000.0,11,10
대전,5,3.33,372000,3,2,74400.0,10,11
