order_month,category,total_sales,total_quantity,order_count
2025-07,도서,1040000,11,3
2025-07,뷰티,1133000,12,5
2025-07,생활용품,406000,6,2
2025-07,스포츠,295000,8,1
2025-07,식품,2123000,23,5
2025-07,전자기기,1319000,9,3
2025-07,패션,3163000,23,7
2025-08,도서,1144000,12,3
2025-08,뷰티,1050000,13,4
2025-08,생활용품,983000,18,6
2025-08,스포츠,417000,7,3
2025-08,식품,505000,5,4
2025-08,전자기기,2547000,20,6
2025-08,패션,2246000,26,9
2025-09,도서,380000,5,2
2025-09,뷰티,125000,5,1
2025-09,생활용품,735000,5,1
2025-09,스포츠,438000,6,2
2025-09,식품,528000,3,1
2025-09,전자기기,1157000,9,2
2025-09,패션,1156000,12,3
2025-10,도서,1570000,14,5
2025-10,뷰티,661000,11,4
2025-10,생활용품,1334000,19,6
2025-10,스포츠,1426000,10,3
2025-10,식품,3088000,23,5
2025-10,전자기기,1781000,22,5
2025-10,패션,2687000,20,6
2025-11,도서,583000,5,3
2025-11,뷰티,1581000,14,6
2025-11,생활용품,528000,7,2
2025-11,스포츠,1271000,22,5
2025-11,식품,2221000,22,7
2025-11,전자기기,1035000,8,4
2025-11,패션,1944000,19,6
2025-12,도서,34000,1,1
2025-12,뷰티,884000,8,2
2025-12,생활용품,489000,6,2
2025-12,스포츠,791000,16,4
2025-12,식품,2048000,18,5
2025-12,전자기기,1408000,12,3
2025-12,패션,2459000,21,6
2026-01,도서,74000,1,1
2026-01,생활용품,804000,13,3
2026-01,스포츠,2359000,20,6
2026-01,식품,2465000,18,4
2026-01,전자기기,590000,10,2
2026-01,패션,1467000,13,3
2026-02,도서,1827000,14,5
2026-02,뷰티,275000,3,2
2026-02,생활용품,646000,9,4
2026-02,스포츠,1009000,11,3
2026-02,식품,1193000,11,2
2026-02,전자기기,1562000,12,4
2026-02,패션,1177000,13,3
2026-03,도서,1075000,13,3
2026-03,뷰티,728000,6,2
2026-03,생활용품,233000,5,3
2026-03,스포츠,364000,4,1
2026-03,식품,3178000,32,7
2026-03,전자기기,1378000,11,4
2026-03,패션,537000,11,4
2026-04,도서,1015000,14,4
2026-04,뷰티,1471000,19,5
2026-04,생활용품,671000,9,3
2026-04,스포츠,893000,21,7
2026-04,식품,478000,3,3
2026-04,전자기기,1625000,14,5
2026-04,패션,5306000,55,3
2026-05,도서,2363000,23,5
2026-05,뷰티,3800000,32,6
2026-05,생활용품,704000,8,3
2026-05,스포츠,364000,4,1
2026-05,식품,212000,11,2
2026-05,전자기기,1341000,10,4
2026-05,패션,3066000,17,5
2026-06,도서,1475000,14,3
2026-06,뷰티,1575000,19,5
2026-06,생활용품,509000,11,4
2026-06,스포츠,2578000,22,6
2026-06,식품,754000,11,6
2026-06,전자기기,1490000,12,3
2026-06,패션,1545000,19,5
2026-07,도서,1386000,14,4
2026-07,뷰티,2235000,17,5
2026-07,생활용품,75000,1,1
2026-07,스포츠,53000,1,1
2026-07,식품,3277000,21,5
2026-07,패션,1940000,10,3
2026-08,도서,2929000,27,5
2026-08,뷰티,1648000,17,6
2026-08,생활용품,992000,8,2
2026-08,스포츠,979000,13,4
2026-08,식품,2661000,19,5
2026-08,전자기기,3212000,23,8
2026-08,패션,4247000,31,5
