customer_id,city,order_count,total_sales,avg_order_value,customer_group
3,서울,3,6702000,2234000.0,반복 구매 (2회 이상)
14,대구,4,5122000,1280500.0,반복 구매 (2회 이상)
90,수원,3,4311000,1437000.0,반복 구매 (2회 이상)
65,광주,6,3977000,662833.3333333334,반복 구매 (2회 이상)
104,서울,2,3966000,1983000.0,반복 구매 (2회 이상)
93,울산,4,3845000,961250.0,반복 구매 (2회 이상)
20,성남,4,3808000,952000.0,반복 구매 (2회 이상)
38,성남,4,3656000,914000.0,반복 구매 (2회 이상)
28,인천,4,3201000,800250.0,반복 구매 (2회 이상)
85,부산,4,2832000,708000.0,반복 구매 (2회 이상)
22,부산,3,2747000,915666.6666666666,반복 구매 (2회 이상)
5,광주,2,2639000,1319500.0,반복 구매 (2회 이상)
58,서울,2,2559000,1279500.0,반복 구매 (2회 이상)
46,부산,1,2300000,2300000.0,고액 1회 구매 (주문금액 Q75 이상)
115,수원,2,2238000,1119000.0,반복 구매 (2회 이상)
27,부산,2,2209000,1104500.0,반복 구매 (2회 이상)
51,부산,2,2162000,1081000.0,반복 구매 (2회 이상)
69,성남,3,2152000,717333.3333333334,반복 구매 (2회 이상)
12,울산,2,2068000,1034000.0,반복 구매 (2회 이상)
74,부산,2,2066000,1033000.0,반복 구매 (2회 이상)
33,고양,2,1912000,956000.0,반복 구매 (2회 이상)
43,부산,2,1860000,930000.0,반복 구매 (2회 이상)
120,부산,3,1832000,610666.6666666666,반복 구매 (2회 이상)
99,인천,2,1825000,912500.0,반복 구매 (2회 이상)
92,광주,4,1772000,443000.0,반복 구매 (2회 이상)
55,부산,2,1729000,864500.0,반복 구매 (2회 이상)
53,서울,2,1702000,851000.0,반복 구매 (2회 이상)
144,인천,2,1696000,848000.0,반복 구매 (2회 이상)
21,인천,3,1653000,551000.0,반복 구매 (2회 이상)
95,인천,2,1632000,816000.0,반복 구매 (2회 이상)
136,고양,2,1631000,815500.0,반복 구매 (2회 이상)
114,대구,2,1619000,809500.0,반복 구매 (2회 이상)
61,고양,2,1573000,786500.0,반복 구매 (2회 이상)
57,인천,2,1555000,777500.0,반복 구매 (2회 이상)
47,수원,1,1472000,1472000.0,고액 1회 구매 (주문금액 Q75 이상)
81,광주,1,1416000,1416000.0,고액 1회 구매 (주문금액 Q75 이상)
17,광주,1,1406000,1406000.0,고액 1회 구매 (주문금액 Q75 이상)
150,수원,2,1403000,701500.0,반복 구매 (2회 이상)
149,서울,1,1389000,1389000.0,고액 1회 구매 (주문금액 Q75 이상)
52,울산,2,1380000,690000.0,반복 구매 (2회 이상)
7,서울,2,1355000,677500.0,반복 구매 (2회 이상)
25,울산,2,1355000,677500.0,반복 구매 (2회 이상)
112,인천,2,1318000,659000.0,반복 구매 (2회 이상)
138,서울,2,1281000,640500.0,반복 구매 (2회 이상)
132,인천,2,1168000,584000.0,반복 구매 (2회 이상)
34,광주,2,1122000,561000.0,반복 구매 (2회 이상)
56,서울,3,1115000,371666.6666666667,반복 구매 (2회 이상)
100,광주,2,1106000,553000.0,반복 구매 (2회 이상)
24,대구,1,1103000,1103000.0,고액 1회 구매 (주문금액 Q75 이상)
40,광주,1,1100000,1100000.0,고액 1회 구매 (주문금액 Q75 이상)
19,수원,1,1084000,1084000.0,기타 1회 구매
31,대구,2,1040000,520000.0,반복 구매 (2회 이상)
32,성남,1,1007000,1007000.0,기타 1회 구매
142,인천,1,1001000,1001000.0,기타 1회 구매
23,부산,2,966000,483000.0,반복 구매 (2회 이상)
29,서울,1,915000,915000.0,기타 1회 구매
64,대구,1,900000,900000.0,기타 1회 구매
140,광주,1,894000,894000.0,기타 1회 구매
82,수원,1,831000,831000.0,기타 1회 구매
41,Unknown,1,820000,820000.0,기타 1회 구매
135,광주,1,809000,809000.0,기타 1회 구매
26,대구,1,786000,786000.0,기타 1회 구매
9,울산,3,774000,258000.0,반복 구매 (2회 이상)
146,대구,1,748000,748000.0,기타 1회 구매
48,광주,1,736000,736000.0,기타 1회 구매
105,광주,2,732000,366000.0,반복 구매 (2회 이상)
11,대구,1,676000,676000.0,기타 1회 구매
110,성남,1,665000,665000.0,기타 1회 구매
15,광주,1,662000,662000.0,기타 1회 구매
130,수원,2,650000,325000.0,반복 구매 (2회 이상)
2,대구,2,633000,316500.0,반복 구매 (2회 이상)
97,부산,1,608000,608000.0,기타 1회 구매
121,광주,1,601000,601000.0,기타 1회 구매
36,고양,2,581000,290500.0,반복 구매 (2회 이상)
106,고양,1,577000,577000.0,기타 1회 구매
98,광주,1,560000,560000.0,기타 1회 구매
88,대구,1,528000,528000.0,기타 1회 구매
45,인천,1,518000,518000.0,기타 1회 구매
139,대구,1,480000,480000.0,기타 1회 구매
60,부산,2,402000,201000.0,반복 구매 (2회 이상)
44,울산,1,383000,383000.0,기타 1회 구매
111,부산,2,381000,190500.0,반복 구매 (2회 이상)
127,부산,1,314000,314000.0,기타 1회 구매
137,서울,1,308000,308000.0,기타 1회 구매
96,울산,1,295000,295000.0,기타 1회 구매
37,수원,1,231000,231000.0,기타 1회 구매
108,대전,2,202000,101000.0,반복 구매 (2회 이상)
77,서울,1,187000,187000.0,기타 1회 구매
116,광주,1,183000,183000.0,기타 1회 구매
131,대구,1,176000,176000.0,기타 1회 구매
134,대전,1,170000,170000.0,기타 1회 구매
126,고양,1,168000,168000.0,기타 1회 구매
67,울산,1,113000,113000.0,기타 1회 구매
129,인천,1,88000,88000.0,기타 1회 구매
119,인천,1,68000,68000.0,기타 1회 구매
79,부산,1,32000,32000.0,기타 1회 구매
