order_id,raw_unique_item_count,clean_item_count,excluded_item_count,partially_retained,in_analysis
9,4,3.0,1.0,True,True
14,2,1.0,1.0,True,False
36,4,3.0,1.0,True,True
41,2,1.0,1.0,True,False
44,3,2.0,1.0,True,False
47,3,2.0,1.0,True,True
57,3,2.0,1.0,True,False
86,3,2.0,1.0,True,True
97,4,3.0,1.0,True,False
105,4,3.0,1.0,True,True
111,3,2.0,1.0,True,True
129,4,3.0,1.0,True,True
130,2,1.0,1.0,True,True
164,4,3.0,1.0,True,True
171,4,3.0,1.0,True,False
179,4,3.0,1.0,True,True
192,4,3.0,1.0,True,False
196,3,2.0,1.0,True,True
199,4,3.0,1.0,True,True
201,4,3.0,1.0,True,False
215,3,2.0,1.0,True,True
218,4,3.0,1.0,True,False
226,3,2.0,1.0,True,False
228,4,3.0,1.0,True,True
229,4,3.0,1.0,True,False
231,4,3.0,1.0,True,False
241,4,3.0,1.0,True,False
248,4,3.0,1.0,True,True
257,3,2.0,1.0,True,True
258,4,3.0,1.0,True,True
263,2,1.0,1.0,True,True
