customer_id,customer_label,city,order_count,total_sales
117,Customer 117,성남,5,4100000
102,Customer 102,고양,4,3996000
83,Customer 83,수원,4,3880000
30,Customer 30,서울,5,3590000
40,Customer 40,서울,4,3523000
20,Customer 20,인천,2,3191000
3,Customer 3,성남,2,3178000
111,Customer 111,광주,3,3153000
66,Customer 66,서울,4,3093000
147,Customer 147,부산,2,2990000
18,Customer 18,고양,3,2960000
105,Customer 105,광주,3,2837000
38,Customer 38,울산,2,2834000
60,Customer 60,성남,2,2812000
24,Customer 24,대전,4,2419000
56,Customer 56,인천,3,2411000
32,Customer 32,고양,2,2389000
106,Customer 106,부산,2,2343000
128,Customer 128,고양,2,2330000
107,Customer 107,고양,2,2325000
135,Customer 135,대구,2,2170000
37,Customer 37,고양,2,2122000
65,Customer 65,인천,3,2107000
16,Customer 16,부산,2,2058000
87,Customer 87,울산,2,2022000
5,Customer 5,부산,2,2004000
126,Customer 126,서울,3,1961000
114,Customer 114,성남,3,1956000
130,Customer 130,대전,2,1942000
23,Customer 23,대전,1,1931000
33,Customer 33,수원,2,1913000
43,Customer 43,고양,1,1863000
90,Customer 90,울산,3,1831000
78,Customer 78,울산,3,1829000
63,Customer 63,대전,2,1675000
144,Customer 144,광주,1,1626000
77,Customer 77,서울,2,1625000
50,Customer 50,광주,2,1620000
108,Customer 108,성남,3,1591000
47,Customer 47,울산,3,1587000
13,Customer 13,울산,1,1549000
8,Customer 8,수원,2,1532000
104,Customer 104,광주,2,1496000
125,Customer 125,수원,2,1470000
93,Customer 93,대전,2,1460000
121,Customer 121,서울,2,1445000
123,Customer 123,서울,1,1436000
137,Customer 137,울산,2,1395000
6,Customer 6,성남,2,1349000
39,Customer 39,대구,1,1298000
149,Customer 149,부산,1,1295000
141,Customer 141,광주,1,1241000
41,Customer 41,대구,1,1229000
84,Customer 84,성남,1,1197000
7,Customer 7,인천,1,1173000
115,Customer 115,부산,1,1173000
129,Customer 129,대구,1,1142000
9,Customer 9,서울,2,1132000
133,Customer 133,성남,1,1098000
119,Customer 119,대전,1,1064000
58,Customer 58,성남,1,1059000
145,Customer 145,성남,3,1032000
140,Customer 140,인천,2,1029000
124,Customer 124,대구,2,1000000
146,Customer 146,성남,1,1000000
76,Customer 76,울산,1,996000
116,Customer 116,부산,2,937000
70,Customer 70,성남,1,924000
103,Customer 103,인천,1,923000
14,Customer 14,대전,1,905000
98,Customer 98,인천,2,898000
28,Customer 28,성남,1,881000
27,Customer 27,수원,2,862000
99,Customer 99,고양,1,860000
55,Customer 55,광주,1,837000
110,Customer 110,부산,1,804000
95,Customer 95,성남,1,760000
26,Customer 26,대구,1,735000
122,Customer 122,울산,2,734000
68,Customer 68,서울,2,643000
4,Customer 4,울산,1,603000
113,Customer 113,성남,1,579000
86,Customer 86,수원,1,569000
21,Customer 21,인천,1,526000
22,Customer 22,광주,1,512000
36,Customer 36,성남,1,471000
91,Customer 91,인천,2,456000
12,Customer 12,대전,1,396000
71,Customer 71,수원,1,394000
138,Customer 138,대구,1,350000
118,Customer 118,광주,1,344000
31,Customer 31,광주,1,306000
62,Customer 62,광주,1,292000
148,Customer 148,고양,1,271000
92,Customer 92,서울,1,267000
49,Customer 49,대구,1,262000
15,Customer 15,서울,1,252000
69,Customer 69,서울,2,130000
80,Customer 80,인천,1,118000
112,Customer 112,성남,2,112000
