dataset,raw_row_number,stage,reasons,order_item_id,order_id,product_id,quantity,unit_price
order_items,765,duplicate,full_row_duplicate,109,49,36,1,193000
order_items,766,duplicate,full_row_duplicate,549,216,2,2,154000
order_items,278,numeric_rule,unit_price_conversion_failed,277,111,30,5,unknown
order_items,320,numeric_rule,quantity_conversion_failed,319,129,57,three,96000
order_items,434,numeric_rule,unit_price_conversion_failed,433,171,87,5,not-a-number
order_items,448,numeric_rule,quantity_conversion_failed,447,175,79,unknown,153000
order_items,512,numeric_rule,nonpositive_quantity_candidate,511,201,17,0,76000
order_items,580,numeric_rule,nonpositive_unit_price_candidate,579,229,17,2,0
order_items,613,numeric_rule,nonpositive_quantity_candidate,612,241,24,-1,42000
order_items,704,numeric_rule,nonpositive_quantity_candidate,703,278,49,0,171000
order_items,23,foreign_key,product_fk_removed_by_cleaning,22,9,73,1,156000
order_items,33,foreign_key,product_fk_removed_by_cleaning,32,14,48,1,25000
order_items,78,foreign_key,product_fk_removed_by_cleaning,77,36,18,1,140000
order_items,91,foreign_key,product_fk_removed_by_cleaning,90,41,48,5,25000
order_items,100,foreign_key,product_fk_removed_by_cleaning,99,44,48,4,25000
order_items,107,foreign_key,product_fk_removed_by_cleaning,106,47,48,3,25000
order_items,131,foreign_key,product_fk_removed_by_cleaning,130,57,48,3,25000
order_items,151,foreign_key,order_fk_absent_in_raw_master,150,9991,89,5,178000
order_items,215,foreign_key,product_fk_removed_by_cleaning,214,86,95,1,82000
order_items,243,foreign_key,product_fk_removed_by_cleaning,242,97,95,3,82000
order_items,261,foreign_key,product_fk_absent_in_raw_master,260,105,9991,1,76000
order_items,313,foreign_key,order_fk_removed_by_cleaning,312,126,47,2,188000
order_items,324,foreign_key,product_fk_removed_by_cleaning,323,130,48,2,25000
order_items,413,foreign_key,product_fk_removed_by_cleaning,412,164,73,3,156000
order_items,455,foreign_key,product_fk_removed_by_cleaning,454,179,18,3,140000
order_items,483,foreign_key,product_fk_removed_by_cleaning,482,192,95,5,82000
order_items,497,foreign_key,product_fk_removed_by_cleaning,496,196,73,2,156000
order_items,505,foreign_key,product_fk_removed_by_cleaning,504,199,73,5,156000
order_items,548,foreign_key,product_fk_removed_by_cleaning,547,215,48,1,25000
order_items,556,foreign_key,product_fk_removed_by_cleaning,555,218,18,3,140000
order_items,573,foreign_key,product_fk_removed_by_cleaning,572,226,73,3,156000
order_items,576,foreign_key,product_fk_removed_by_cleaning,575,228,18,2,140000
order_items,587,foreign_key,product_fk_removed_by_cleaning,586,231,48,2,25000
order_items,621,foreign_key,order_fk_absent_in_raw_master,620,9992,98,1,32000
order_items,630,foreign_key,product_fk_removed_by_cleaning,629,248,95,1,82000
order_items,652,foreign_key,product_fk_removed_by_cleaning,651,257,48,1,25000
order_items,656,foreign_key,product_fk_removed_by_cleaning,655,258,18,3,140000
order_items,668,foreign_key,product_fk_removed_by_cleaning,667,263,73,4,156000
order_items,702,foreign_key,order_fk_removed_by_cleaning | product_fk_absent_in_raw_master,701,278,9992,2,145000
order_items,703,foreign_key,order_fk_removed_by_cleaning,702,278,74,5,129000
order_items,705,foreign_key,order_fk_removed_by_cleaning,704,278,99,4,187000
